"URI della traccia","Nome della traccia","URI dell'artista","Nome dell'artista","URI dell'album","Nome dell'album","URI dell'artista dell'album","Nome dell'artista dell'album","Data di rilascio dell'album","URL dell'immagine dell'album","Numero del disco","Numero della traccia","Durata della traccia (ms)","URL di anteprima della traccia","Esplicito","Popolarità","ISRC","Aggiunto da","Aggiunto il"
"spotify:track:4aIZQ7kJLS1TgFw2pEj0RD","Legend","spotify:artist:3TVXtAsR1Inumwj472S9r4","Drake","spotify:album:2bfWH730j0HtAJrNcg1LuP","If You're Reading This It's Too Late","spotify:artist:3TVXtAsR1Inumwj472S9r4","Drake","2015-02-12","https://i.scdn.co/image/ab67616d0000b2735e371c9d44d7ab36d8969c81","1","1","241853","https://p.scdn.co/mp3-preview/3c93008bf20c6bb5abbd1d28a57cdc9f68a7cbb8?cid=9950ac751e34487dbbe027c4fd7f8e99","true","0","USCM51500010","spotify:user:pivimkh","2015-02-27T16:12:59Z"
"spotify:track:39h7qYbmksGgxQzDH9X7Aq","Energy","spotify:artist:3TVXtAsR1Inumwj472S9r4","Drake","spotify:album:2bfWH730j0HtAJrNcg1LuP","If You're Reading This It's Too Late","spotify:artist:3TVXtAsR1Inumwj472S9r4","Drake","2015-02-12","https://i.scdn.co/image/ab67616d0000b2735e371c9d44d7ab36d8969c81","1","2","181933","https://p.scdn.co/mp3-preview/0d3414f734e3bb1f205dd5948b4c79cbe5d04a6c?cid=9950ac751e34487dbbe027c4fd7f8e99","true","0","USCM51500012","spotify:user:pivimkh","2015-02-27T16:12:59Z"
"spotify:track:0Qdbw4psZRGYANJauFqbdt","10 Bands","spotify:artist:3TVXtAsR1Inumwj472S9r4","Drake","spotify:album:2bfWH730j0HtAJrNcg1LuP","If You're Reading This It's Too Late","spotify:artist:3TVXtAsR1Inumwj472S9r4","Drake","2015-02-12","https://i.scdn.co/image/ab67616d0000b2735e371c9d44d7ab36d8969c81","1","3","177733","https://p.scdn.co/mp3-preview/74083a170c7e438f84a3c9954f4609a2d5b629e8?cid=9950ac751e34487dbbe027c4fd7f8e99","true","0","USCM51500014","spotify:user:pivimkh","2015-02-27T16:12:59Z"
"spotify:track:2WzpOMkCaakq1T3luPCjLH","Know Yourself","spotify:artist:3TVXtAsR1Inumwj472S9r4","Drake","spotify:album:2bfWH730j0HtAJrNcg1LuP","If You're Reading This It's Too Late","spotify:artist:3TVXtAsR1Inumwj472S9r4","Drake","2015-02-12","https://i.scdn.co/image/ab67616d0000b2735e371c9d44d7ab36d8969c81","1","4","275840","https://p.scdn.co/mp3-preview/cfd9ec3b216ac1b28c51e1f1750c8264fb7f2a56?cid=9950ac751e34487dbbe027c4fd7f8e99","true","0","USUM71502037","spotify:user:pivimkh","2015-02-27T16:12:59Z"
"spotify:track:2xpoTj7AeSFVuvD0ibD3Pg","No Tellin'","spotify:artist:3TVXtAsR1Inumwj472S9r4","Drake","spotify:album:2bfWH730j0HtAJrNcg1LuP","If You're Reading This It's Too Late","spotify:artist:3TVXtAsR1Inumwj472S9r4","Drake","2015-02-12","https://i.scdn.co/image/ab67616d0000b2735e371c9d44d7ab36d8969c81","1","5","310933","https://p.scdn.co/mp3-preview/24e219b9f3a54f6a6a15cc477c3697b6d04a338a?cid=9950ac751e34487dbbe027c4fd7f8e99","true","0","USCM51500017","spotify:user:pivimkh","2015-02-27T16:12:59Z"
"spotify:track:0kCYaxWtR15Ljm0rvVvPQw","Madonna","spotify:artist:3TVXtAsR1Inumwj472S9r4","Drake","spotify:album:2bfWH730j0HtAJrNcg1LuP","If You're Reading This It's Too Late","spotify:artist:3TVXtAsR1Inumwj472S9r4","Drake","2015-02-12","https://i.scdn.co/image/ab67616d0000b2735e371c9d44d7ab36d8969c81","1","6","177840","https://p.scdn.co/mp3-preview/c96c39c3e9dbbb267948300751ac4edfc881094a?cid=9950ac751e34487dbbe027c4fd7f8e99","true","0","USCM51500019","spotify:user:pivimkh","2015-02-27T16:12:59Z"
"spotify:track:0GQKP2WgHvBA8Nzb4xZu36","6 God","spotify:artist:3TVXtAsR1Inumwj472S9r4","Drake","spotify:album:2bfWH730j0HtAJrNcg1LuP","If You're Reading This It's Too Late","spotify:artist:3TVXtAsR1Inumwj472S9r4","Drake","2015-02-12","https://i.scdn.co/image/ab67616d0000b2735e371c9d44d7ab36d8969c81","1","7","180666","https://p.scdn.co/mp3-preview/30f721ff8f457bf651a57d15607d8cc096e4a8a4?cid=9950ac751e34487dbbe027c4fd7f8e99","true","0","USCM51500021","spotify:user:pivimkh","2015-02-27T16:12:59Z"
"spotify:track:6Zmu6xxHXVYccyNKxHvZCD","Star67","spotify:artist:3TVXtAsR1Inumwj472S9r4","Drake","spotify:album:2bfWH730j0HtAJrNcg1LuP","If You're Reading This It's Too Late","spotify:artist:3TVXtAsR1Inumwj472S9r4","Drake","2015-02-12","https://i.scdn.co/image/ab67616d0000b2735e371c9d44d7ab36d8969c81","1","8","294973","https://p.scdn.co/mp3-preview/3c1ba33dd30baaf0c521de7f075eec1d8c31c448?cid=9950ac751e34487dbbe027c4fd7f8e99","true","0","USCM51500023","spotify:user:pivimkh","2015-02-27T16:12:59Z"
"spotify:track:7n4Kv0ArEyRh8p4wO5fG78","Preach","spotify:artist:3TVXtAsR1Inumwj472S9r4, spotify:artist:2HPaUgqeutzr3jx5a9WyDV","Drake, PARTYNEXTDOOR","spotify:album:2bfWH730j0HtAJrNcg1LuP","If You're Reading This It's Too Late","spotify:artist:3TVXtAsR1Inumwj472S9r4","Drake","2015-02-12","https://i.scdn.co/image/ab67616d0000b2735e371c9d44d7ab36d8969c81","1","9","236973","https://p.scdn.co/mp3-preview/bc47a4b4e8620ec59d520b6faf748751cab13c4f?cid=9950ac751e34487dbbe027c4fd7f8e99","true","0","USCM51500025","spotify:user:pivimkh","2015-02-27T16:12:59Z"
"spotify:track:4xsUpuoiYy06Of1LtLcz0G","Wednesday Night Interlude","spotify:artist:3TVXtAsR1Inumwj472S9r4, spotify:artist:2HPaUgqeutzr3jx5a9WyDV","Drake, PARTYNEXTDOOR","spotify:album:2bfWH730j0HtAJrNcg1LuP","If You're Reading This It's Too Late","spotify:artist:3TVXtAsR1Inumwj472S9r4","Drake","2015-02-12","https://i.scdn.co/image/ab67616d0000b2735e371c9d44d7ab36d8969c81","1","10","212280","https://p.scdn.co/mp3-preview/a114dfc9fb19f66e5823dd96b81a6c5d38b52aa6?cid=9950ac751e34487dbbe027c4fd7f8e99","true","0","USCM51500041","spotify:user:pivimkh","2015-02-27T16:12:59Z"
"spotify:track:31LIXek4OCRgKJn4RWg5Yb","Used To","spotify:artist:3TVXtAsR1Inumwj472S9r4, spotify:artist:55Aa2cqylxrFIXC767Z865","Drake, Lil Wayne","spotify:album:2bfWH730j0HtAJrNcg1LuP","If You're Reading This It's Too Late","spotify:artist:3TVXtAsR1Inumwj472S9r4","Drake","2015-02-12","https://i.scdn.co/image/ab67616d0000b2735e371c9d44d7ab36d8969c81","1","11","268480","https://p.scdn.co/mp3-preview/0a3a5b82490ad901c6fffce3742ac9eaa4b67249?cid=9950ac751e34487dbbe027c4fd7f8e99","true","0","USCM51500027","spotify:user:pivimkh","2015-02-27T16:12:59Z"
"spotify:track:48S3Pfu533qMMgHXmV1ruh","6 Man","spotify:artist:3TVXtAsR1Inumwj472S9r4","Drake","spotify:album:2bfWH730j0HtAJrNcg1LuP","If You're Reading This It's Too Late","spotify:artist:3TVXtAsR1Inumwj472S9r4","Drake","2015-02-12","https://i.scdn.co/image/ab67616d0000b2735e371c9d44d7ab36d8969c81","1","12","167653","https://p.scdn.co/mp3-preview/a96ceaf1b52ce1e61f872445fdbfec9d26d9dd0b?cid=9950ac751e34487dbbe027c4fd7f8e99","true","0","USCM51500029","spotify:user:pivimkh","2015-02-27T16:12:59Z"
"spotify:track:3ougl2AEOsSN6AX5MiFOxx","Now & Forever","spotify:artist:3TVXtAsR1Inumwj472S9r4","Drake","spotify:album:2bfWH730j0HtAJrNcg1LuP","If You're Reading This It's Too Late","spotify:artist:3TVXtAsR1Inumwj472S9r4","Drake","2015-02-12","https://i.scdn.co/image/ab67616d0000b2735e371c9d44d7ab36d8969c81","1","13","281320","https://p.scdn.co/mp3-preview/9860e72e3c0147b36fec4673d2259a748cb1cc38?cid=9950ac751e34487dbbe027c4fd7f8e99","true","0","USCM51500031","spotify:user:pivimkh","2015-02-27T16:12:59Z"
"spotify:track:4whiojdZ6EVhfky6InPF8r","Company","spotify:artist:3TVXtAsR1Inumwj472S9r4, spotify:artist:0Y5tJX1MQlPlqiwlOH1tJY","Drake, Travis Scott","spotify:album:2bfWH730j0HtAJrNcg1LuP","If You're Reading This It's Too Late","spotify:artist:3TVXtAsR1Inumwj472S9r4","Drake","2015-02-12","https://i.scdn.co/image/ab67616d0000b2735e371c9d44d7ab36d8969c81","1","14","252640","https://p.scdn.co/mp3-preview/60e98f603efebdc4df1666faa5b55272463cc879?cid=9950ac751e34487dbbe027c4fd7f8e99","true","0","USCM51500033","spotify:user:pivimkh","2015-02-27T16:12:59Z"
"spotify:track:6RrmYcWmDRmlR45kMTIZXg","You & The 6","spotify:artist:3TVXtAsR1Inumwj472S9r4","Drake","spotify:album:2bfWH730j0HtAJrNcg1LuP","If You're Reading This It's Too Late","spotify:artist:3TVXtAsR1Inumwj472S9r4","Drake","2015-02-12","https://i.scdn.co/image/ab67616d0000b2735e371c9d44d7ab36d8969c81","1","15","264906","https://p.scdn.co/mp3-preview/8d4771cf886b195f813a378f0f8423b0b354b155?cid=9950ac751e34487dbbe027c4fd7f8e99","true","0","USCM51500035","spotify:user:pivimkh","2015-02-27T16:12:59Z"
"spotify:track:7cTrekacPXjNTQuEJGN4Ee","Jungle","spotify:artist:3TVXtAsR1Inumwj472S9r4","Drake","spotify:album:2bfWH730j0HtAJrNcg1LuP","If You're Reading This It's Too Late","spotify:artist:3TVXtAsR1Inumwj472S9r4","Drake","2015-02-12","https://i.scdn.co/image/ab67616d0000b2735e371c9d44d7ab36d8969c81","1","16","320400","https://p.scdn.co/mp3-preview/dbd97bf347b1ce2077a796b528ca44715dbf9ffe?cid=9950ac751e34487dbbe027c4fd7f8e99","true","0","USCM51500037","spotify:user:pivimkh","2015-02-27T16:12:59Z"
"spotify:track:0KPUIYMqfLBvpRCwZ9hpFs","6PM In New York","spotify:artist:3TVXtAsR1Inumwj472S9r4","Drake","spotify:album:2bfWH730j0HtAJrNcg1LuP","If You're Reading This It's Too Late","spotify:artist:3TVXtAsR1Inumwj472S9r4","Drake","2015-02-12","https://i.scdn.co/image/ab67616d0000b2735e371c9d44d7ab36d8969c81","1","17","283306","https://p.scdn.co/mp3-preview/408533de8996e26d0bd6164b3122adcfe4f5576b?cid=9950ac751e34487dbbe027c4fd7f8e99","true","0","USCM51500039","spotify:user:pivimkh","2015-02-27T16:12:59Z"
"spotify:track:1H6FVVPoDB5R9SOkPLW2zz","Truffle Butter","spotify:artist:0hCNtLu0JehylgoiP8L4Gh, spotify:artist:3TVXtAsR1Inumwj472S9r4, spotify:artist:55Aa2cqylxrFIXC767Z865","Nicki Minaj, Drake, Lil Wayne","spotify:album:7MhZHvAhusmZDwa3RSjikQ","Truffle Butter","spotify:artist:0hCNtLu0JehylgoiP8L4Gh","Nicki Minaj","2015-01-23","https://i.scdn.co/image/ab67616d0000b273ec70d2f972ec53cd897fce69","1","1","219226","https://p.scdn.co/mp3-preview/24726f8583f873f210c181a2b93ca6560966b845?cid=9950ac751e34487dbbe027c4fd7f8e99","true","0","USCM51400405","spotify:user:pivimkh","2015-02-27T16:12:59Z"
"spotify:track:6OTaps5Xn8XEWraT29bAwW","Only","spotify:artist:0hCNtLu0JehylgoiP8L4Gh, spotify:artist:3TVXtAsR1Inumwj472S9r4, spotify:artist:55Aa2cqylxrFIXC767Z865, spotify:artist:7bXgB6jMjp9ATFy66eO08Z","Nicki Minaj, Drake, Lil Wayne, Chris Brown","spotify:album:7nxrbkAcCLRqsxY2d8Eo5n","Only","spotify:artist:0hCNtLu0JehylgoiP8L4Gh","Nicki Minaj","2014-10-28","https://i.scdn.co/image/ab67616d0000b2734f3f006b18671def97c33ee4","1","1","312186","https://p.scdn.co/mp3-preview/439448e65b3724dfdf13d8caf23dee0f6b418095?cid=9950ac751e34487dbbe027c4fd7f8e99","true","0","USCM51400340","spotify:user:pivimkh","2015-02-27T16:12:59Z"
"spotify:track:1dDFQi1sE3TgPJrLIsMDGl","Grindin'","spotify:artist:55Aa2cqylxrFIXC767Z865, spotify:artist:3TVXtAsR1Inumwj472S9r4","Lil Wayne, Drake","spotify:album:0eknROzIn73j6gvif00OVt","Grindin'","spotify:artist:55Aa2cqylxrFIXC767Z865","Lil Wayne","2014-01-01","https://i.scdn.co/image/ab67616d0000b273bc4a8aa5602fd3a148a8b4b5","1","1","306173","https://p.scdn.co/mp3-preview/1e177a867751b746989346d36aee0f6a5cc1a41b?cid=9950ac751e34487dbbe027c4fd7f8e99","true","0","USCM51400291","spotify:user:pivimkh","2015-02-27T16:12:59Z"
"spotify:track:6AaOtHsKd195ec0Y4kC9ER","DnF (feat. Drake & Future)","spotify:artist:0bdJZl7TDeiymDYzMJnVh2, spotify:artist:3TVXtAsR1Inumwj472S9r4, spotify:artist:1RyvyyTE3xzB2ZywiAwp0i","Preme, Drake, Future","spotify:album:7o1c3ILj4edCp9PH7sg7BM","DnF (feat. Drake & Future)","spotify:artist:0bdJZl7TDeiymDYzMJnVh2","Preme","2014-08-25","https://i.scdn.co/image/ab67616d0000b2739b4fee0d69849d0f8948c945","1","1","206266","https://p.scdn.co/mp3-preview/efa9c2b36daeb4f17abd2a7072fea8c065314f71?cid=9950ac751e34487dbbe027c4fd7f8e99","true","41","USRC11401841","spotify:user:pivimkh","2015-02-27T16:12:59Z"
"spotify:track:0mkjekH9rwp4Fg5PxzUTrd","0 To 100 / The Catch Up","spotify:artist:3TVXtAsR1Inumwj472S9r4","Drake","spotify:album:2sqwG0D7XQzXVHb3EpkUCX","0 To 100 / The Catch Up","spotify:artist:3TVXtAsR1Inumwj472S9r4","Drake","2013-07-14","https://i.scdn.co/image/ab67616d0000b27385efc953482b5757c2d805a1","1","1","275226","https://p.scdn.co/mp3-preview/bfa37086fd5c5f5e0325d41515fd900e2ff0df65?cid=9950ac751e34487dbbe027c4fd7f8e99","true","0","USCM51400222","spotify:user:pivimkh","2015-02-27T16:12:59Z"
"spotify:track:0MirjRAnvfJr3pumGsTwMi","Believe Me","spotify:artist:55Aa2cqylxrFIXC767Z865, spotify:artist:3TVXtAsR1Inumwj472S9r4","Lil Wayne, Drake","spotify:album:0XnTfQaQBVp4LpJIadPbNh","Believe Me","spotify:artist:55Aa2cqylxrFIXC767Z865","Lil Wayne","2014-05-28","https://i.scdn.co/image/ab67616d0000b27330f9688e9bbb56cbb1b6a8a2","1","1","337640","https://p.scdn.co/mp3-preview/b089600ee07e3baf51013650ec4d1fca910f445a?cid=9950ac751e34487dbbe027c4fd7f8e99","true","0","USCM51400173","spotify:user:pivimkh","2015-02-27T16:12:59Z"
"spotify:track:2znzyzlAUc8Z1Ikq9aFOcx","Tuesday (feat. Drake)","spotify:artist:3aGFCoR8xGN6DKwvdzeSja, spotify:artist:3TVXtAsR1Inumwj472S9r4","ILOVEMAKONNEN, Drake","spotify:album:5TOr1p0zoLpCtXY0HPBkFq","Tuesday (feat. Drake)","spotify:artist:3aGFCoR8xGN6DKwvdzeSja","ILOVEMAKONNEN","2014-09-01","https://i.scdn.co/image/ab67616d0000b273907c4fdbf748b825ba097673","1","1","321987","https://p.scdn.co/mp3-preview/3a580799e272b9941c9d3ed0dbd5826a722802a2?cid=9950ac751e34487dbbe027c4fd7f8e99","true","1","USWB11402508","spotify:user:pivimkh","2015-02-27T16:12:59Z"
"spotify:track:1nFgXsg2CUbyK0BJX9cmfj","Trophies","spotify:artist:5OrB6Jhhrl9y2PK0pSV4VP, spotify:artist:3TVXtAsR1Inumwj472S9r4","Young Money, Drake","spotify:album:7DkzymHZTu4YgXRexqzuGe","Rise Of An Empire (Deluxe Edition)","spotify:artist:5OrB6Jhhrl9y2PK0pSV4VP","Young Money","2014-01-01","https://i.scdn.co/image/ab67616d0000b2732a8958c56e759c07355ba84b","1","2","188320","https://p.scdn.co/mp3-preview/31785a19aea53d5971cd9cb66cadd462bfd24a38?cid=9950ac751e34487dbbe027c4fd7f8e99","true","0","USCM51400038","spotify:user:pivimkh","2015-02-27T16:12:59Z"
"spotify:track:5wUUWVRvrciJqFitZF8R0P","Recognize (feat. Drake)","spotify:artist:2HPaUgqeutzr3jx5a9WyDV, spotify:artist:3TVXtAsR1Inumwj472S9r4","PARTYNEXTDOOR, Drake","spotify:album:6s2isojT7rGZUgJyymjjKU","PARTYNEXTDOOR TWO","spotify:artist:2HPaUgqeutzr3jx5a9WyDV","PARTYNEXTDOOR","2014-07-29","https://i.scdn.co/image/ab67616d0000b2734abe8b5d722c2d2231625a12","1","8","311197","https://p.scdn.co/mp3-preview/6a06f19d61464c9450cb44825c2ab63097f9e691?cid=9950ac751e34487dbbe027c4fd7f8e99","true","1","USWB11401866","spotify:user:pivimkh","2015-02-27T16:12:59Z"
"spotify:track:6Tx7BNqiakRXgAXngmnhCL","Who Do You Love?","spotify:artist:0A0FS04o6zMoto8OKPsDwY, spotify:artist:3TVXtAsR1Inumwj472S9r4","YG, Drake","spotify:album:06uhHdJghVpOfZgEPNtYnz","Who Do You Love?","spotify:artist:0A0FS04o6zMoto8OKPsDwY","YG","2014-01-01","https://i.scdn.co/image/ab67616d0000b273f929b092f88864661a1fe5ec","1","1","233573","https://p.scdn.co/mp3-preview/533cc26c77aa98cda27d2264154d023c6b565605?cid=9950ac751e34487dbbe027c4fd7f8e99","true","0","USUM71400720","spotify:user:pivimkh","2015-02-27T16:12:59Z"
"spotify:track:1IRl6tiUYRS1sztSt0o2R9","Know Bout Me","spotify:artist:5Y5TRrQiqgUO4S36tzjIRZ, spotify:artist:3nFkdlSjzX9mRTtwJOzDYB, spotify:artist:3TVXtAsR1Inumwj472S9r4, spotify:artist:5ooSG9S0glqP5ZrqqaHBvT","Timbaland, JAY-Z, Drake, James Fauntleroy","spotify:album:454GjT9ISPPS6lrgI3vVss","Know Bout Me","spotify:artist:5Y5TRrQiqgUO4S36tzjIRZ","Timbaland","2013-01-01","https://i.scdn.co/image/ab67616d0000b2732a20aedb07bcc7862ab90ac5","1","1","263346","https://p.scdn.co/mp3-preview/6228b6449177002ba1a756a442556704e615d422?cid=9950ac751e34487dbbe027c4fd7f8e99","true","0","USUM71318500","spotify:user:pivimkh","2015-02-27T16:12:59Z"
"spotify:track:11eVz92Nm7b2CTgA8OJVwp","Never Satisfied (feat. Drake)","spotify:artist:1RyvyyTE3xzB2ZywiAwp0i, spotify:artist:3TVXtAsR1Inumwj472S9r4","Future, Drake","spotify:album:5rbqupVSYwvEmXBUnFtUf7","Honest","spotify:artist:1RyvyyTE3xzB2ZywiAwp0i","Future","2014-04-22","https://i.scdn.co/image/ab67616d0000b2735fc3d7bc8ea7a703fae2835d","1","7","115640","https://p.scdn.co/mp3-preview/3d29ef5a88664bd0b3a5658e4d30833b4bfdec04?cid=9950ac751e34487dbbe027c4fd7f8e99","true","44","USSM11401387","spotify:user:pivimkh","2015-02-27T16:12:59Z"
"spotify:track:69gz9onZQNVw55cMQsaYii","Tuscan Leather","spotify:artist:3TVXtAsR1Inumwj472S9r4","Drake","spotify:album:2ZUFSbIkmFkGag000RWOpA","Nothing Was The Same - Deluxe","spotify:artist:3TVXtAsR1Inumwj472S9r4","Drake","2013-01-01","https://i.scdn.co/image/ab67616d0000b273adfb5909ec66db5fbb4d06c8","1","1","366400","https://p.scdn.co/mp3-preview/218a291c11860274e3f6c26da48f31a843a7e5e1?cid=9950ac751e34487dbbe027c4fd7f8e99","true","52","USCM51300734","spotify:user:pivimkh","2015-02-27T16:12:59Z"
"spotify:track:6s64FyS9n0XYbGMLH3LOWU","Furthest Thing","spotify:artist:3TVXtAsR1Inumwj472S9r4","Drake","spotify:album:2ZUFSbIkmFkGag000RWOpA","Nothing Was The Same - Deluxe","spotify:artist:3TVXtAsR1Inumwj472S9r4","Drake","2013-01-01","https://i.scdn.co/image/ab67616d0000b273adfb5909ec66db5fbb4d06c8","1","2","267373","https://p.scdn.co/mp3-preview/12ef80020403ffd8eccdd46ad6bc1e7bfcce66f9?cid=9950ac751e34487dbbe027c4fd7f8e99","true","55","USCM51300736","spotify:user:pivimkh","2015-02-27T16:12:59Z"
"spotify:track:1iLv1ieT9BZ3qsti9yTCnG","Odio (feat. Drake)","spotify:artist:5lwmRuXgjX8xIwlnauTZIP, spotify:artist:3TVXtAsR1Inumwj472S9r4","Romeo Santos, Drake","spotify:album:17HsiXfqKUPoTP6Y5ebs1L","Fórmula, Vol. 2 (Deluxe Edition)","spotify:artist:5lwmRuXgjX8xIwlnauTZIP","Romeo Santos","2014-02-25","https://i.scdn.co/image/ab67616d0000b273e9da42890bbd629df1e8f640","1","7","225000","https://p.scdn.co/mp3-preview/5746769fb87d59fbbe30faa713965f8de5a44b4a?cid=9950ac751e34487dbbe027c4fd7f8e99","false","76","USSD11300465","spotify:user:pivimkh","2015-02-27T16:12:59Z"
"spotify:track:3dgQqOiQ9fCKVhNOedd2lf","Started From the Bottom","spotify:artist:3TVXtAsR1Inumwj472S9r4","Drake","spotify:album:2ZUFSbIkmFkGag000RWOpA","Nothing Was The Same - Deluxe","spotify:artist:3TVXtAsR1Inumwj472S9r4","Drake","2013-01-01","https://i.scdn.co/image/ab67616d0000b273adfb5909ec66db5fbb4d06c8","1","3","174120","https://p.scdn.co/mp3-preview/e6c12614d3d9d45c984d5a1b8214b3b990d50f07?cid=9950ac751e34487dbbe027c4fd7f8e99","true","63","USCM51300064","spotify:user:pivimkh","2015-02-27T16:12:59Z"
"spotify:track:4FcvYEVtmB0UuIPbdzwqsH","Cabaret (feat. Drake)","spotify:artist:31TPClRtHm23RisEBtV3X7, spotify:artist:3TVXtAsR1Inumwj472S9r4","Justin Timberlake, Drake","spotify:album:5lYzReGzcSNF0Gx47wm6qU","The 20/20 Experience - 2 of 2 (Deluxe)","spotify:artist:31TPClRtHm23RisEBtV3X7","Justin Timberlake","2013-09-27","https://i.scdn.co/image/ab67616d0000b27331dc01391d65eed27744e461","1","3","272746","https://p.scdn.co/mp3-preview/27dd9a088a6f4ab8e0387aed2356b2b392a3b7c8?cid=9950ac751e34487dbbe027c4fd7f8e99","true","38","USRC11301017","spotify:user:pivimkh","2015-02-27T16:12:59Z"
"spotify:track:1HnhCD1u0c4dHSMazmWGyM","Wu-Tang Forever","spotify:artist:3TVXtAsR1Inumwj472S9r4","Drake","spotify:album:2ZUFSbIkmFkGag000RWOpA","Nothing Was The Same - Deluxe","spotify:artist:3TVXtAsR1Inumwj472S9r4","Drake","2013-01-01","https://i.scdn.co/image/ab67616d0000b273adfb5909ec66db5fbb4d06c8","1","4","217600","https://p.scdn.co/mp3-preview/04f15c01313bc6f73ea09b108ece0c300db904ba?cid=9950ac751e34487dbbe027c4fd7f8e99","true","52","USCM51300738","spotify:user:pivimkh","2015-02-27T16:12:59Z"
"spotify:track:3EJ9ZuqkL1kwgouugqsLu8","Own It","spotify:artist:3TVXtAsR1Inumwj472S9r4","Drake","spotify:album:2ZUFSbIkmFkGag000RWOpA","Nothing Was The Same - Deluxe","spotify:artist:3TVXtAsR1Inumwj472S9r4","Drake","2013-01-01","https://i.scdn.co/image/ab67616d0000b273adfb5909ec66db5fbb4d06c8","1","5","252053","https://p.scdn.co/mp3-preview/19ad69002ab323ed7dc55af5ee4474106eb63f54?cid=9950ac751e34487dbbe027c4fd7f8e99","true","50","USCM51300740","spotify:user:pivimkh","2015-02-27T16:12:59Z"
"spotify:track:3X37NtwadSS0RM20dh2IgP","Worst Behavior","spotify:artist:3TVXtAsR1Inumwj472S9r4","Drake","spotify:album:2ZUFSbIkmFkGag000RWOpA","Nothing Was The Same - Deluxe","spotify:artist:3TVXtAsR1Inumwj472S9r4","Drake","2013-01-01","https://i.scdn.co/image/ab67616d0000b273adfb5909ec66db5fbb4d06c8","1","6","270200","https://p.scdn.co/mp3-preview/ce977e15ef46ce96b5da3d2e79e27d696c68c5df?cid=9950ac751e34487dbbe027c4fd7f8e99","true","53","USCM51300742","spotify:user:pivimkh","2015-02-27T16:12:59Z"
"spotify:track:2WC4sK0ryyysQhtDok9Ytr","From Time","spotify:artist:3TVXtAsR1Inumwj472S9r4, spotify:artist:5ZS223C6JyBfXasXxrRqOk","Drake, Jhené Aiko","spotify:album:2ZUFSbIkmFkGag000RWOpA","Nothing Was The Same - Deluxe","spotify:artist:3TVXtAsR1Inumwj472S9r4","Drake","2013-01-01","https://i.scdn.co/image/ab67616d0000b273adfb5909ec66db5fbb4d06c8","1","7","322160","https://p.scdn.co/mp3-preview/4998edb2331f43229e6658f9bae1d4bcbdf88a84?cid=9950ac751e34487dbbe027c4fd7f8e99","true","66","USCM51300744","spotify:user:pivimkh","2015-02-27T16:12:59Z"
"spotify:track:6jdOi5U5LBzQrc4c1VT983","Hold On, We're Going Home","spotify:artist:3TVXtAsR1Inumwj472S9r4, spotify:artist:4HzKw8XcD0piJmDrrPRCYk","Drake, Majid Jordan","spotify:album:2ZUFSbIkmFkGag000RWOpA","Nothing Was The Same - Deluxe","spotify:artist:3TVXtAsR1Inumwj472S9r4","Drake","2013-01-01","https://i.scdn.co/image/ab67616d0000b273adfb5909ec66db5fbb4d06c8","1","8","227880","https://p.scdn.co/mp3-preview/899e6ab1f648df2dbfc67d1ac1bc9852f4537dd6?cid=9950ac751e34487dbbe027c4fd7f8e99","false","73","USCM51300762","spotify:user:pivimkh","2015-02-27T16:12:59Z"
"spotify:track:1Sj81sMg37Hd4omn7Ow2qR","Connect","spotify:artist:3TVXtAsR1Inumwj472S9r4","Drake","spotify:album:2ZUFSbIkmFkGag000RWOpA","Nothing Was The Same - Deluxe","spotify:artist:3TVXtAsR1Inumwj472S9r4","Drake","2013-01-01","https://i.scdn.co/image/ab67616d0000b273adfb5909ec66db5fbb4d06c8","1","9","296400","https://p.scdn.co/mp3-preview/22a8ae9f08a3cd1931f691cc6cd4e57962f15e94?cid=9950ac751e34487dbbe027c4fd7f8e99","true","47","USCM51300746","spotify:user:pivimkh","2015-02-27T16:12:59Z"
"spotify:track:5dHpbFmZjWucrol0M7aNGU","The Language","spotify:artist:3TVXtAsR1Inumwj472S9r4","Drake","spotify:album:2ZUFSbIkmFkGag000RWOpA","Nothing Was The Same - Deluxe","spotify:artist:3TVXtAsR1Inumwj472S9r4","Drake","2013-01-01","https://i.scdn.co/image/ab67616d0000b273adfb5909ec66db5fbb4d06c8","1","10","224040","https://p.scdn.co/mp3-preview/fdae005e4dda05827c0d90cf1d15451b4b1e420b?cid=9950ac751e34487dbbe027c4fd7f8e99","true","49","USCM51300748","spotify:user:pivimkh","2015-02-27T16:12:59Z"
"spotify:track:5wTRsfZKeaQnQn8JeW8QYQ","305 To My City","spotify:artist:3TVXtAsR1Inumwj472S9r4, spotify:artist:4sglKanXuoU0gqGYP3wiNv","Drake, Detail","spotify:album:2ZUFSbIkmFkGag000RWOpA","Nothing Was The Same - Deluxe","spotify:artist:3TVXtAsR1Inumwj472S9r4","Drake","2013-01-01","https://i.scdn.co/image/ab67616d0000b273adfb5909ec66db5fbb4d06c8","1","11","255826","https://p.scdn.co/mp3-preview/5f6e6a509f767ae8728b440c3ce495be93904e90?cid=9950ac751e34487dbbe027c4fd7f8e99","true","42","USCM51300750","spotify:user:pivimkh","2015-02-27T16:12:59Z"
"spotify:track:5LnXWeA9tuWKI2C1H74iiJ","Too Much","spotify:artist:3TVXtAsR1Inumwj472S9r4, spotify:artist:2WoVwexZuODvclzULjPQtm","Drake, Sampha","spotify:album:2ZUFSbIkmFkGag000RWOpA","Nothing Was The Same - Deluxe","spotify:artist:3TVXtAsR1Inumwj472S9r4","Drake","2013-01-01","https://i.scdn.co/image/ab67616d0000b273adfb5909ec66db5fbb4d06c8","1","12","261866","https://p.scdn.co/mp3-preview/48b45c7cce020b3ec0b340bf47ab1e4ae1853684?cid=9950ac751e34487dbbe027c4fd7f8e99","true","58","USCM51300752","spotify:user:pivimkh","2015-02-27T16:12:59Z"
"spotify:track:4RI9eX7jNcdaQOJifn7t6z","Pound Cake / Paris Morton Music 2","spotify:artist:3TVXtAsR1Inumwj472S9r4, spotify:artist:3nFkdlSjzX9mRTtwJOzDYB","Drake, JAY-Z","spotify:album:2ZUFSbIkmFkGag000RWOpA","Nothing Was The Same - Deluxe","spotify:artist:3TVXtAsR1Inumwj472S9r4","Drake","2013-01-01","https://i.scdn.co/image/ab67616d0000b273adfb5909ec66db5fbb4d06c8","1","13","433800","https://p.scdn.co/mp3-preview/efc481db773c447b83f0de7a6a2390496ccd224f?cid=9950ac751e34487dbbe027c4fd7f8e99","true","62","USCM51300754","spotify:user:pivimkh","2015-02-27T16:12:59Z"
"spotify:track:5Ggfa9cpkpfp5D6Rg0Yyw1","Come Thru","spotify:artist:3TVXtAsR1Inumwj472S9r4","Drake","spotify:album:2ZUFSbIkmFkGag000RWOpA","Nothing Was The Same - Deluxe","spotify:artist:3TVXtAsR1Inumwj472S9r4","Drake","2013-01-01","https://i.scdn.co/image/ab67616d0000b273adfb5909ec66db5fbb4d06c8","1","14","236360","https://p.scdn.co/mp3-preview/2306a9e0626160d476af03d24e1b9bb188ad3509?cid=9950ac751e34487dbbe027c4fd7f8e99","true","56","USCM51300756","spotify:user:pivimkh","2015-02-27T16:12:59Z"
"spotify:track:5ngydCLbzCEdtu8SEOXhPU","All Me","spotify:artist:3TVXtAsR1Inumwj472S9r4, spotify:artist:17lzZA2AlOHwCwFALHttmp, spotify:artist:0c173mlxpT3dSFRgMO8XPh","Drake, 2 Chainz, Big Sean","spotify:album:2ZUFSbIkmFkGag000RWOpA","Nothing Was The Same - Deluxe","spotify:artist:3TVXtAsR1Inumwj472S9r4","Drake","2013-01-01","https://i.scdn.co/image/ab67616d0000b273adfb5909ec66db5fbb4d06c8","1","15","271573","https://p.scdn.co/mp3-preview/d6d65c943827b2f70079d3c3d65a62d57aef1767?cid=9950ac751e34487dbbe027c4fd7f8e99","true","55","USCM51300758","spotify:user:pivimkh","2015-02-27T16:12:59Z"
"spotify:track:3t8pnImpBpOwxdtYBpKvA9","The Motion","spotify:artist:3TVXtAsR1Inumwj472S9r4","Drake","spotify:album:2ZUFSbIkmFkGag000RWOpA","Nothing Was The Same - Deluxe","spotify:artist:3TVXtAsR1Inumwj472S9r4","Drake","2013-01-01","https://i.scdn.co/image/ab67616d0000b273adfb5909ec66db5fbb4d06c8","1","16","241000","https://p.scdn.co/mp3-preview/7683b0eb2e67aa7fd03546e15c83cf3b65558786?cid=9950ac751e34487dbbe027c4fd7f8e99","true","56","USCM51300760","spotify:user:pivimkh","2015-02-27T16:12:59Z"
"spotify:track:0v8cj80IXvnlU4t5DwIeJs","Live For","spotify:artist:1Xyo4u8uXC1ZmMpatF05PJ, spotify:artist:3TVXtAsR1Inumwj472S9r4","The Weeknd, Drake","spotify:album:69xrpMAHT2VFw70VhBfHkM","Kiss Land","spotify:artist:1Xyo4u8uXC1ZmMpatF05PJ","The Weeknd","2013-09-10","https://i.scdn.co/image/ab67616d0000b27338c09f95a0617c261587f39e","1","6","222666","https://p.scdn.co/mp3-preview/9bdae4aa2b30bd1770170de8a59ea314d3a19d34?cid=9950ac751e34487dbbe027c4fd7f8e99","true","0","USUM71310344","spotify:user:pivimkh","2015-02-27T16:12:59Z"
"spotify:track:1gbFjmpWPOrFEsxumYviI0","I Do It","spotify:artist:17lzZA2AlOHwCwFALHttmp, spotify:artist:3TVXtAsR1Inumwj472S9r4, spotify:artist:55Aa2cqylxrFIXC767Z865","2 Chainz, Drake, Lil Wayne","spotify:album:5egYYjj06RlBCP2bVhnblH","B.O.A.T.S. II #METIME (Deluxe)","spotify:artist:17lzZA2AlOHwCwFALHttmp","2 Chainz","2013-01-01","https://i.scdn.co/image/ab67616d0000b273a225f4a060d8536732c6ddfb","1","5","373693","https://p.scdn.co/mp3-preview/bc419e7ded7e50029f3f88ff03617aa4e881789c?cid=9950ac751e34487dbbe027c4fd7f8e99","true","0","USUM71311186","spotify:user:pivimkh","2015-02-27T16:12:59Z"
"spotify:track:0FyBloIEdLS3f3SodFiju1","Hold On, We're Going Home","spotify:artist:3TVXtAsR1Inumwj472S9r4, spotify:artist:4HzKw8XcD0piJmDrrPRCYk","Drake, Majid Jordan","spotify:album:5lO7gxhuQw0iLyrucRLPgD","Hold On, We're Going Home","spotify:artist:3TVXtAsR1Inumwj472S9r4","Drake","2013-08-06","https://i.scdn.co/image/ab67616d0000b273622a31985f6774a55c140b6f","1","1","227026","https://p.scdn.co/mp3-preview/899e6ab1f648df2dbfc67d1ac1bc9852f4537dd6?cid=9950ac751e34487dbbe027c4fd7f8e99","false","0","USCM51300690","spotify:user:pivimkh","2015-02-27T16:12:59Z"
"spotify:track:5i70f6KOnmtRCbutYnLvVC","Over Here (feat. Drake)","spotify:artist:2HPaUgqeutzr3jx5a9WyDV, spotify:artist:3TVXtAsR1Inumwj472S9r4","PARTYNEXTDOOR, Drake","spotify:album:4EZoN6mRXNcGxHXZC2doJH","PARTYNEXTDOOR","spotify:artist:2HPaUgqeutzr3jx5a9WyDV","PARTYNEXTDOOR","2013-07-01","https://i.scdn.co/image/ab67616d0000b2730a4fd8aa50652821b1a2a054","1","9","177827","https://p.scdn.co/mp3-preview/20a66514d63acccd66d520bc7ee4aeefe77216d3?cid=9950ac751e34487dbbe027c4fd7f8e99","true","0","USWB11302163","spotify:user:pivimkh","2015-02-27T16:12:59Z"
"spotify:track:3ras7Qktf4nQK61E3YnKyM","No New Friends - SFTB Remix (Edited Version)","spotify:artist:0QHgL1lAIqAw0HtD7YldmP, spotify:artist:3TVXtAsR1Inumwj472S9r4, spotify:artist:1sBkRIssrMs1AbVkOJbc7a, spotify:artist:55Aa2cqylxrFIXC767Z865","DJ Khaled, Drake, Rick Ross, Lil Wayne","spotify:album:2FtRHbNzdy6JOIDoQBE3Uj","No New Friends (SFTB Remix)","spotify:artist:0QHgL1lAIqAw0HtD7YldmP","DJ Khaled","2013-01-01","https://i.scdn.co/image/ab67616d0000b273418c989f8a54889152417ba0","1","1","307613","","false","0","USCM51300403","spotify:user:pivimkh","2015-02-27T16:12:59Z"
"spotify:track:433hTAyWs7MYcf2ObgNl6X","VERSACE","spotify:artist:1ZEPSHuugQhNurpnSiTvaf, spotify:artist:3TVXtAsR1Inumwj472S9r4, spotify:artist:6oMuImdp5ZcFhWP0ESe6mG","Flap Jack, Drake, Migos","spotify:album:6HOFGjukNlYLhIOy2FYTRp","Flap Jack Edition - EP","spotify:artist:1ZEPSHuugQhNurpnSiTvaf","Flap Jack","2013-08-11","https://i.scdn.co/image/ab67616d0000b273c1489b545ffa2bce66053d0d","1","4","246099","https://p.scdn.co/mp3-preview/c44b953916aa6a4d92cb3a98b1ac577f141a8937?cid=9950ac751e34487dbbe027c4fd7f8e99","false","0","SEYOK1315811","spotify:user:pivimkh","2015-02-27T16:12:59Z"
"spotify:track:6OnpdpwV97cpg5dHhtYWXL","Started From the Bottom","spotify:artist:3TVXtAsR1Inumwj472S9r4","Drake","spotify:album:7JakGcg3iDEmfVlMJPye8u","Started From the Bottom (Explicit Version)","spotify:artist:3TVXtAsR1Inumwj472S9r4","Drake","2013-01-01","https://i.scdn.co/image/ab67616d0000b273e801e246eb4db56d2b417037","1","1","173160","https://p.scdn.co/mp3-preview/e6c12614d3d9d45c984d5a1b8214b3b990d50f07?cid=9950ac751e34487dbbe027c4fd7f8e99","true","0","USCM51300064","spotify:user:pivimkh","2015-02-27T16:12:59Z"
"spotify:track:3y6e01poVQDru5OLUu8nhE","No Guns Allowed (feat. Drake & Cori B.)","spotify:artist:4RxUeUyMaEe2T5tvULq5j0, spotify:artist:3TVXtAsR1Inumwj472S9r4, spotify:artist:1eNtnCEsJ1TF1TdXiK4T0H","Snoop Lion, Drake, Cori B.","spotify:album:5q4CMxHUBPn11UG6uYX26m","Reincarnated (Deluxe Version)","spotify:artist:4RxUeUyMaEe2T5tvULq5j0","Snoop Lion","2013-04-19","https://i.scdn.co/image/ab67616d0000b2731da801bbe3e9e389a48ba393","1","6","211826","https://p.scdn.co/mp3-preview/87b4b94035397acbce54096c2547f182278d2383?cid=9950ac751e34487dbbe027c4fd7f8e99","false","43","USRC11300134","spotify:user:pivimkh","2015-02-27T16:12:59Z"
"spotify:track:7DPVhtduufN3QevMXdYbwM","Love Me - Album Version (Edited)","spotify:artist:55Aa2cqylxrFIXC767Z865, spotify:artist:3TVXtAsR1Inumwj472S9r4, spotify:artist:1RyvyyTE3xzB2ZywiAwp0i","Lil Wayne, Drake, Future","spotify:album:7CbzCyTmjrtArLrd0tiDdR","Love Me","spotify:artist:55Aa2cqylxrFIXC767Z865","Lil Wayne","2013-01-01","https://i.scdn.co/image/ab67616d0000b27371fc2572de6601224a85e36f","1","1","255706","https://p.scdn.co/mp3-preview/77b4ff2f2580b0958ae1266febc75e8f9b1ecb61?cid=9950ac751e34487dbbe027c4fd7f8e99","false","0","USCM51300002","spotify:user:pivimkh","2015-02-27T16:12:59Z"
"spotify:track:32UIpKdyGzgTPTO8e5ge5c","Amen (feat. Drake)","spotify:artist:20sxb77xiYeusSH8cVdatc, spotify:artist:3TVXtAsR1Inumwj472S9r4","Meek Mill, Drake","spotify:album:0zhZDmHEtDtok393SbZ3d7","Dreams and Nightmares (Deluxe Edition)","spotify:artist:20sxb77xiYeusSH8cVdatc","Meek Mill","2012-10-26","https://i.scdn.co/image/ab67616d0000b273f0c746d1b52c883c19b25a51","1","7","289706","https://p.scdn.co/mp3-preview/541c7aefc4387138e9ef88431cfd4a2bca1ca098?cid=9950ac751e34487dbbe027c4fd7f8e99","true","46","USWB11201519","spotify:user:pivimkh","2015-02-27T16:12:59Z"
"spotify:track:5CjD1TAY2bFxXkEiijhWTO","Poetic Justice","spotify:artist:2YZyLoL8N0Wb9xBt1NhZWg, spotify:artist:3TVXtAsR1Inumwj472S9r4","Kendrick Lamar, Drake","spotify:album:5vToFDoC9wHzmwVwsinOAL","good kid, m.A.A.d city (Deluxe)","spotify:artist:2YZyLoL8N0Wb9xBt1NhZWg","Kendrick Lamar","2012-10-23","https://i.scdn.co/image/ab67616d0000b2736bd6f9e4b2eb8a4317dc7e3d","1","6","300160","https://p.scdn.co/mp3-preview/685f1ece966b1437dd5548a86c95d97987246361?cid=9950ac751e34487dbbe027c4fd7f8e99","true","0","USUM71211004","spotify:user:pivimkh","2015-02-27T16:12:59Z"
"spotify:track:3i43sen71xwqz3nfy9fLus","Pop That","spotify:artist:6vXTefBL93Dj5IqAWq6OTv, spotify:artist:1sBkRIssrMs1AbVkOJbc7a, spotify:artist:3TVXtAsR1Inumwj472S9r4, spotify:artist:55Aa2cqylxrFIXC767Z865","French Montana, Rick Ross, Drake, Lil Wayne","spotify:album:4P5aUapwdIPKqVxLzti6H9","Pop That","spotify:artist:6vXTefBL93Dj5IqAWq6OTv","French Montana","2012-01-01","https://i.scdn.co/image/ab67616d0000b273a9e607d3d499010ca1552698","1","1","304880","https://p.scdn.co/mp3-preview/a08b66ac172141f4cf83f8a6078d4bb44b3439f0?cid=9950ac751e34487dbbe027c4fd7f8e99","true","0","USUM71206409","spotify:user:pivimkh","2015-02-27T16:12:59Z"
"spotify:track:4c7mwtU8HGuLUVqRX5HU7F","F**kin' Problems (feat. Drake, 2 Chainz & Kendrick Lamar)","spotify:artist:13ubrt8QOOCPljQ2FL1Kca, spotify:artist:3TVXtAsR1Inumwj472S9r4, spotify:artist:17lzZA2AlOHwCwFALHttmp, spotify:artist:2YZyLoL8N0Wb9xBt1NhZWg","A$AP Rocky, Drake, 2 Chainz, Kendrick Lamar","spotify:album:0mJHuCLGhGUE49P9mnzGMF","F**kin' Problems (feat. Drake, 2 Chainz & Kendrick Lamar)","spotify:artist:13ubrt8QOOCPljQ2FL1Kca","A$AP Rocky","2012-10-24","https://i.scdn.co/image/ab67616d0000b273ff16ef88f3472436a5448e02","1","1","237186","https://p.scdn.co/mp3-preview/77d6e84f7d33f7d05d9445953938adcc9b4600b2?cid=9950ac751e34487dbbe027c4fd7f8e99","true","0","USRC11201220","spotify:user:pivimkh","2015-02-27T16:12:59Z"
"spotify:track:2aiHJxrgb7PvbTvq4s1FEz","Diced Pineapples","spotify:artist:1sBkRIssrMs1AbVkOJbc7a, spotify:artist:67nwj3Y5sZQLl72VNUHEYE, spotify:artist:3TVXtAsR1Inumwj472S9r4","Rick Ross, Wale, Drake","spotify:album:4GiJpUE48lKiWyeLjOIiDb","God Forgives, I Don't (Deluxe Edition)","spotify:artist:1sBkRIssrMs1AbVkOJbc7a","Rick Ross","2012-01-01","https://i.scdn.co/image/ab67616d0000b2732271025758bdece58a712ee3","1","14","276160","https://p.scdn.co/mp3-preview/7c982cf84306f7cb5b83385335042ac1d1d00594?cid=9950ac751e34487dbbe027c4fd7f8e99","true","25","USUM71207096","spotify:user:pivimkh","2015-02-27T16:12:59Z"
"spotify:track:6ZPtdyX2AyEILo48Q6K3uG","Crew Love","spotify:artist:3TVXtAsR1Inumwj472S9r4, spotify:artist:1Xyo4u8uXC1ZmMpatF05PJ","Drake, The Weeknd","spotify:album:2qHAsdRFNiJjzSnyyDZq9D","Take Care (Deluxe)","spotify:artist:3TVXtAsR1Inumwj472S9r4","Drake","2011-11-15","https://i.scdn.co/image/ab67616d0000b2737abb8bb09840f83add6ba318","1","4","208813","https://p.scdn.co/mp3-preview/35c4632d4f1e9ed4ae5f048fcdf4022abe4079e8?cid=9950ac751e34487dbbe027c4fd7f8e99","true","0","USCM51100546","spotify:user:pivimkh","2015-02-27T16:12:59Z"
"spotify:track:4nX2eAYH3SckUDRNMWpBBa","We in This Bitch 1.5","spotify:artist:5oNgAs7j5XcBMzWv3HAnHG, spotify:artist:3TVXtAsR1Inumwj472S9r4, spotify:artist:1RyvyyTE3xzB2ZywiAwp0i","DJ Drama, Drake, Future","spotify:album:0swU8skVhY3ZuDojemySwZ","Quality Street Music","spotify:artist:5oNgAs7j5XcBMzWv3HAnHG","DJ Drama","2012-10-05","https://i.scdn.co/image/ab67616d0000b27345259f650254e3c601b64167","1","13","203973","https://p.scdn.co/mp3-preview/a5683fe3507682bb5f4325920495be5a60fa3c38?cid=9950ac751e34487dbbe027c4fd7f8e99","true","0","DEU241263345","spotify:user:pivimkh","2015-02-27T16:12:59Z"
"spotify:track:134ih8wLwhgx292RjhefXA","Right Here","spotify:artist:1uNFoZAHBGtllmzznpCI3s, spotify:artist:3TVXtAsR1Inumwj472S9r4","Justin Bieber, Drake","spotify:album:6eknhm96vRigjwfcl49xKb","Believe","spotify:artist:1uNFoZAHBGtllmzznpCI3s","Justin Bieber","2012-01-01","https://i.scdn.co/image/ab67616d0000b2734cfeb6e4671c36e3b57ebbd4","1","6","204186","https://p.scdn.co/mp3-preview/845c6452f21dbc704d4c158dea4c2cdbc44a134d?cid=9950ac751e34487dbbe027c4fd7f8e99","false","0","USUM71205295","spotify:user:pivimkh","2015-02-27T16:12:59Z"
"spotify:track:5ORf8BZMbq4xN9kiumrPcQ","Round of Applause (feat. Drake)","spotify:artist:6f4XkbvYlXMH0QgVRzW0sM, spotify:artist:3TVXtAsR1Inumwj472S9r4","Waka Flocka Flame, Drake","spotify:album:6fujLphXHPwsZ6UdZ0FKMa","Triple F Life: Friends, Fans & Family (Deluxe Version)","spotify:artist:6f4XkbvYlXMH0QgVRzW0sM","Waka Flocka Flame","2012-06-08","https://i.scdn.co/image/ab67616d0000b273d3d0d07b853210638171b2d7","1","3","266000","https://p.scdn.co/mp3-preview/587703c212bb29b403f9ea623e64e7c6cff040b0?cid=9950ac751e34487dbbe027c4fd7f8e99","true","49","USWB11103148","spotify:user:pivimkh","2015-02-27T16:12:59Z"
"spotify:track:3ejrk4i0LWIofaaBEmwX0A","Stay Schemin","spotify:artist:1sBkRIssrMs1AbVkOJbc7a, spotify:artist:3TVXtAsR1Inumwj472S9r4, spotify:artist:6vXTefBL93Dj5IqAWq6OTv","Rick Ross, Drake, French Montana","spotify:album:75lbUHs6pIRT3OoB4J2LCx","Stay Schemin","spotify:artist:1sBkRIssrMs1AbVkOJbc7a","Rick Ross","2012-01-01","https://i.scdn.co/image/ab67616d0000b273a3fbafdcf868d216025b52e3","1","1","267720","https://p.scdn.co/mp3-preview/144ea1f368f64a4756cdcbd676f8a0c7502a741a?cid=9950ac751e34487dbbe027c4fd7f8e99","true","0","USUM71203333","spotify:user:pivimkh","2015-02-27T16:12:59Z"
"spotify:track:2ukW8cSQW0qvMomTF7FkAS","No Lie","spotify:artist:17lzZA2AlOHwCwFALHttmp, spotify:artist:3TVXtAsR1Inumwj472S9r4","2 Chainz, Drake","spotify:album:0HawReBS3JsNXMiaEdooNc","No Lie (Explicit Version)","spotify:artist:17lzZA2AlOHwCwFALHttmp","2 Chainz","2012-01-01","https://i.scdn.co/image/ab67616d0000b273b17b15af4c11ff754c0e5d5d","1","1","239186","https://p.scdn.co/mp3-preview/cd3b148540b80eebe4dcee607b05537989751962?cid=9950ac751e34487dbbe027c4fd7f8e99","true","0","USUM71204666","spotify:user:pivimkh","2015-02-27T16:12:59Z"
"spotify:track:3RxiTgv4KiErlSjzfenv3p","Its Been a Pleasure","spotify:artist:3TVXtAsR1Inumwj472S9r4, spotify:artist:4yBK75WVCQXej1p04GWqxH","Drake, Jeezy","spotify:album:14J4vkq62EISRyiwY4kCnN","God of War, Vol. 13 (Jeezy Edition)","spotify:artist:0LyfQWJT6nXafLPZqxe9Of","Artisti Vari","2012-05-07","https://i.scdn.co/image/ab67616d0000b273833266596bcd6317b760f2f9","1","3","247301","https://p.scdn.co/mp3-preview/a807def35330a510b71bae638f172ba5db38daa1?cid=9950ac751e34487dbbe027c4fd7f8e99","false","4","FR6V80225683","spotify:user:pivimkh","2015-02-27T16:12:59Z"
"spotify:track:4HGoHFPqYbUOVx9KPSRNMk","Champion","spotify:artist:0hCNtLu0JehylgoiP8L4Gh, spotify:artist:20qISvAhX20dpIbOOzGK3q, spotify:artist:3TVXtAsR1Inumwj472S9r4, spotify:artist:4yBK75WVCQXej1p04GWqxH","Nicki Minaj, Nas, Drake, Jeezy","spotify:album:1RkCO9bXrmrKyHP8Lz8xvM","Pink Friday ... Roman Reloaded","spotify:artist:0hCNtLu0JehylgoiP8L4Gh","Nicki Minaj","2011-01-01","https://i.scdn.co/image/ab67616d0000b273f1f233208978609654bad93f","1","7","296040","https://p.scdn.co/mp3-preview/49672be10febaf41ec894a8b82d4fc59fd7f9d8e?cid=9950ac751e34487dbbe027c4fd7f8e99","true","0","USCM51200103","spotify:user:pivimkh","2015-02-27T16:12:59Z"
"spotify:track:4Kz4RdRCceaA9VgTqBhBfa","The Motto","spotify:artist:3TVXtAsR1Inumwj472S9r4, spotify:artist:55Aa2cqylxrFIXC767Z865","Drake, Lil Wayne","spotify:album:6X1x82kppWZmDzlXXK3y3q","Take Care (Deluxe)","spotify:artist:3TVXtAsR1Inumwj472S9r4","Drake","2011-11-15","https://i.scdn.co/image/ab67616d0000b273c7ea04a9b455e3f68ef82550","1","19","181573","https://p.scdn.co/mp3-preview/d32fbe07ba7d7193c8ae8e53e225fa8d624e4fc4?cid=9950ac751e34487dbbe027c4fd7f8e99","true","73","USCM51100731","spotify:user:pivimkh","2015-02-27T16:12:59Z"
"spotify:track:4OCusiRJHGimSzmo4KEP7q","Over My Dead Body","spotify:artist:3TVXtAsR1Inumwj472S9r4","Drake","spotify:album:2qHAsdRFNiJjzSnyyDZq9D","Take Care (Deluxe)","spotify:artist:3TVXtAsR1Inumwj472S9r4","Drake","2011-11-15","https://i.scdn.co/image/ab67616d0000b2737abb8bb09840f83add6ba318","1","1","272573","https://p.scdn.co/mp3-preview/5f911c574d8e2da85115a163774e03715a4c9fe2?cid=9950ac751e34487dbbe027c4fd7f8e99","true","0","USCM51100544","spotify:user:pivimkh","2015-02-27T16:12:59Z"
"spotify:track:5WL9cWw3hEWaNf0J49YjEN","Shot For Me","spotify:artist:3TVXtAsR1Inumwj472S9r4","Drake","spotify:album:2qHAsdRFNiJjzSnyyDZq9D","Take Care (Deluxe)","spotify:artist:3TVXtAsR1Inumwj472S9r4","Drake","2011-11-15","https://i.scdn.co/image/ab67616d0000b2737abb8bb09840f83add6ba318","1","2","224720","https://p.scdn.co/mp3-preview/51b94974d448719496250112b5bf1a8197881cb5?cid=9950ac751e34487dbbe027c4fd7f8e99","true","0","USCM51100545","spotify:user:pivimkh","2015-02-27T16:12:59Z"
"spotify:track:4ZJnHUUbOeavzCtiwjI0lc","Take Care","spotify:artist:3TVXtAsR1Inumwj472S9r4, spotify:artist:5pKCCKE2ajJHZ9KAiaK11H","Drake, Rihanna","spotify:album:2qHAsdRFNiJjzSnyyDZq9D","Take Care (Deluxe)","spotify:artist:3TVXtAsR1Inumwj472S9r4","Drake","2011-11-15","https://i.scdn.co/image/ab67616d0000b2737abb8bb09840f83add6ba318","1","5","277386","https://p.scdn.co/mp3-preview/576afa0b9a7724cac0378f64458d38cea6ee0524?cid=9950ac751e34487dbbe027c4fd7f8e99","true","0","USCM51100547","spotify:user:pivimkh","2015-02-27T16:12:59Z"
"spotify:track:5A7VjjhrQwBnHR31i5W1Wv","Buried Alive Interlude","spotify:artist:3TVXtAsR1Inumwj472S9r4, spotify:artist:2YZyLoL8N0Wb9xBt1NhZWg","Drake, Kendrick Lamar","spotify:album:2qHAsdRFNiJjzSnyyDZq9D","Take Care (Deluxe)","spotify:artist:3TVXtAsR1Inumwj472S9r4","Drake","2011-11-15","https://i.scdn.co/image/ab67616d0000b2737abb8bb09840f83add6ba318","1","7","150960","https://p.scdn.co/mp3-preview/e126fbca2befb46d8b8510694be2e259d88fa742?cid=9950ac751e34487dbbe027c4fd7f8e99","true","0","USCM51100548","spotify:user:pivimkh","2015-02-27T16:12:59Z"
"spotify:track:341El6Z12OUvbkmzyJBjmZ","Under Ground Kings","spotify:artist:3TVXtAsR1Inumwj472S9r4","Drake","spotify:album:2qHAsdRFNiJjzSnyyDZq9D","Take Care (Deluxe)","spotify:artist:3TVXtAsR1Inumwj472S9r4","Drake","2011-11-15","https://i.scdn.co/image/ab67616d0000b2737abb8bb09840f83add6ba318","1","8","212613","https://p.scdn.co/mp3-preview/00eae8698394d307ecf2e3588fa6a7f040df2c02?cid=9950ac751e34487dbbe027c4fd7f8e99","true","0","USCM51100554","spotify:user:pivimkh","2015-02-27T16:12:59Z"
"spotify:track:77aA7V69QQ5SOz6clIPfSj","We'll Be Fine","spotify:artist:3TVXtAsR1Inumwj472S9r4, spotify:artist:35sCXuy5gN6Or69rZ9vqBs","Drake, Birdman","spotify:album:2qHAsdRFNiJjzSnyyDZq9D","Take Care (Deluxe)","spotify:artist:3TVXtAsR1Inumwj472S9r4","Drake","2011-11-15","https://i.scdn.co/image/ab67616d0000b2737abb8bb09840f83add6ba318","1","9","247933","https://p.scdn.co/mp3-preview/188077c990050ead79d3af81d883cf28bcfa52bf?cid=9950ac751e34487dbbe027c4fd7f8e99","true","0","USCM51100556","spotify:user:pivimkh","2015-02-27T16:12:59Z"
"spotify:track:700vqkm6IwgK72yfYj4taI","Lord Knows","spotify:artist:3TVXtAsR1Inumwj472S9r4, spotify:artist:1sBkRIssrMs1AbVkOJbc7a","Drake, Rick Ross","spotify:album:2qHAsdRFNiJjzSnyyDZq9D","Take Care (Deluxe)","spotify:artist:3TVXtAsR1Inumwj472S9r4","Drake","2011-11-15","https://i.scdn.co/image/ab67616d0000b2737abb8bb09840f83add6ba318","1","11","307640","https://p.scdn.co/mp3-preview/ec66c857f5ce44ce86fee9259706495bc71ec35b?cid=9950ac751e34487dbbe027c4fd7f8e99","true","0","USCM51100558","spotify:user:pivimkh","2015-02-27T16:12:59Z"
"spotify:track:1JRHPkBZ1iHt001sxjphrz","Cameras / Good Ones Go Interlude - Medley","spotify:artist:3TVXtAsR1Inumwj472S9r4","Drake","spotify:album:2qHAsdRFNiJjzSnyyDZq9D","Take Care (Deluxe)","spotify:artist:3TVXtAsR1Inumwj472S9r4","Drake","2011-11-15","https://i.scdn.co/image/ab67616d0000b2737abb8bb09840f83add6ba318","1","12","434946","https://p.scdn.co/mp3-preview/42f324752921b3b5e07fcdc5f3eff78838ab1aaf?cid=9950ac751e34487dbbe027c4fd7f8e99","true","0","USCM51100580","spotify:user:pivimkh","2015-02-27T16:12:59Z"
"spotify:track:1WNWn91dWoEttxbo6lZTm3","Doing It Wrong","spotify:artist:3TVXtAsR1Inumwj472S9r4","Drake","spotify:album:2qHAsdRFNiJjzSnyyDZq9D","Take Care (Deluxe)","spotify:artist:3TVXtAsR1Inumwj472S9r4","Drake","2011-11-15","https://i.scdn.co/image/ab67616d0000b2737abb8bb09840f83add6ba318","1","13","265133","https://p.scdn.co/mp3-preview/e0808dd4053e15499ab20d667d53ac5d528ce0a5?cid=9950ac751e34487dbbe027c4fd7f8e99","true","0","USCM51100564","spotify:user:pivimkh","2015-02-27T16:12:59Z"
"spotify:track:1v9eEELZIyo5Z2Izalk0R4","The Real Her","spotify:artist:3TVXtAsR1Inumwj472S9r4, spotify:artist:55Aa2cqylxrFIXC767Z865, spotify:artist:74V3dE1a51skRkdII8y2C6","Drake, Lil Wayne, André 3000","spotify:album:2qHAsdRFNiJjzSnyyDZq9D","Take Care (Deluxe)","spotify:artist:3TVXtAsR1Inumwj472S9r4","Drake","2011-11-15","https://i.scdn.co/image/ab67616d0000b2737abb8bb09840f83add6ba318","1","14","321080","https://p.scdn.co/mp3-preview/eea279d884f0c8812a8ad6fb789a25f46aaebbf1?cid=9950ac751e34487dbbe027c4fd7f8e99","true","0","USCM51100566","spotify:user:pivimkh","2015-02-27T16:12:59Z"
"spotify:track:7IwqovGSxk8lZnG8z1jrW2","Look What You've Done","spotify:artist:3TVXtAsR1Inumwj472S9r4","Drake","spotify:album:2qHAsdRFNiJjzSnyyDZq9D","Take Care (Deluxe)","spotify:artist:3TVXtAsR1Inumwj472S9r4","Drake","2011-11-15","https://i.scdn.co/image/ab67616d0000b2737abb8bb09840f83add6ba318","1","15","301960","https://p.scdn.co/mp3-preview/b789c1b51d52b39f57d002a80b24058bb18481fe?cid=9950ac751e34487dbbe027c4fd7f8e99","true","0","USCM51100568","spotify:user:pivimkh","2015-02-27T16:12:59Z"
"spotify:track:3fQhC8pMGwreADiY5VT3qp","HYFR (Hell Ya Fucking Right)","spotify:artist:3TVXtAsR1Inumwj472S9r4, spotify:artist:55Aa2cqylxrFIXC767Z865","Drake, Lil Wayne","spotify:album:2qHAsdRFNiJjzSnyyDZq9D","Take Care (Deluxe)","spotify:artist:3TVXtAsR1Inumwj472S9r4","Drake","2011-11-15","https://i.scdn.co/image/ab67616d0000b2737abb8bb09840f83add6ba318","1","16","206626","https://p.scdn.co/mp3-preview/fcb3ee64b86e52e1f971669bec4d784f68cb660d?cid=9950ac751e34487dbbe027c4fd7f8e99","true","0","USCM51100570","spotify:user:pivimkh","2015-02-27T16:12:59Z"
"spotify:track:6391cUPODf6ipLYmpVnDXi","Practice","spotify:artist:3TVXtAsR1Inumwj472S9r4","Drake","spotify:album:2qHAsdRFNiJjzSnyyDZq9D","Take Care (Deluxe)","spotify:artist:3TVXtAsR1Inumwj472S9r4","Drake","2011-11-15","https://i.scdn.co/image/ab67616d0000b2737abb8bb09840f83add6ba318","1","17","237733","https://p.scdn.co/mp3-preview/ab284ccf3f1a6a39cda06e6eaf2b12bdc13f81a7?cid=9950ac751e34487dbbe027c4fd7f8e99","true","0","USCM51100572","spotify:user:pivimkh","2015-02-27T16:12:59Z"
"spotify:track:4Ja0ggXyXQ7A40b68jtmTa","The Ride","spotify:artist:3TVXtAsR1Inumwj472S9r4","Drake","spotify:album:2qHAsdRFNiJjzSnyyDZq9D","Take Care (Deluxe)","spotify:artist:3TVXtAsR1Inumwj472S9r4","Drake","2011-11-15","https://i.scdn.co/image/ab67616d0000b2737abb8bb09840f83add6ba318","1","18","351013","https://p.scdn.co/mp3-preview/88b939bebe6b2d164b75e52e7cd62213c458485d?cid=9950ac751e34487dbbe027c4fd7f8e99","true","0","USCM51100574","spotify:user:pivimkh","2015-02-27T16:12:59Z"
"spotify:track:78JdZwDRx3djou5gcRbCJV","Make Me Proud","spotify:artist:3TVXtAsR1Inumwj472S9r4, spotify:artist:0hCNtLu0JehylgoiP8L4Gh","Drake, Nicki Minaj","spotify:album:0W5eyqy30fYPZExBgbwg4c","Make Me Proud","spotify:artist:3TVXtAsR1Inumwj472S9r4","Drake","2011-01-01","https://i.scdn.co/image/ab67616d0000b273199e34b9aafb8d959f413a05","1","1","220053","https://p.scdn.co/mp3-preview/206a9910606c7df94790eafe08ed35d34a1d6a76?cid=9950ac751e34487dbbe027c4fd7f8e99","true","0","USCM51100505","spotify:user:pivimkh","2015-02-27T16:12:59Z"
"spotify:track:49GYdiLjYMrUKr7H5YXHto","Say Something (Featuring Drake)","spotify:artist:5Y5TRrQiqgUO4S36tzjIRZ","Timbaland","spotify:album:0oLeI4xFJnOBMbQJH6TgEs","Shock Value II (International Deluxe version)","spotify:artist:5Y5TRrQiqgUO4S36tzjIRZ","Timbaland","2009-01-01","https://i.scdn.co/image/ab67616d0000b2737e00fd13c89c5eadf130e951","1","5","240920","https://p.scdn.co/mp3-preview/f97a3f3439531d90614264d9888fd1ed301cf95f?cid=9950ac751e34487dbbe027c4fd7f8e99","false","0","USUM70904795","spotify:user:pivimkh","2015-02-27T16:12:59Z"
"spotify:track:1oRYM7gRscayV8cbSZJiF5","Tony Montana (feat. Drake)","spotify:artist:1RyvyyTE3xzB2ZywiAwp0i, spotify:artist:3TVXtAsR1Inumwj472S9r4","Future, Drake","spotify:album:7ar6XTXjRvbaugrE7mfGTr","Tony Montana (feat. Drake)","spotify:artist:1RyvyyTE3xzB2ZywiAwp0i","Future","2011-10-14","https://i.scdn.co/image/ab67616d0000b273badb2cb64893dbca3a6381a4","1","1","247453","https://p.scdn.co/mp3-preview/eb85a48a450e7a253a4050f07814944fbc241a71?cid=9950ac751e34487dbbe027c4fd7f8e99","true","0","USSM11105497","spotify:user:pivimkh","2015-02-27T16:12:59Z"
"spotify:track:2VY1GTTsPl2Ho91Zhu1VKY","It's Good","spotify:artist:55Aa2cqylxrFIXC767Z865, spotify:artist:3TVXtAsR1Inumwj472S9r4, spotify:artist:5pnbUBPifNnlusY8kTBivi","Lil Wayne, Drake, Jadakiss","spotify:album:7oc6i8xUILaWwQ5BJMZS3c","Tha Carter IV (Deluxe)","spotify:artist:55Aa2cqylxrFIXC767Z865","Lil Wayne","2011-01-01","https://i.scdn.co/image/ab67616d0000b273007a6a23bf7e0d42cdd3bc2d","1","14","241466","https://p.scdn.co/mp3-preview/7e660a638cdd853976251e0a595b511c09a1fa0e?cid=9950ac751e34487dbbe027c4fd7f8e99","true","0","USCM51100321","spotify:user:pivimkh","2015-02-27T16:12:59Z"
"spotify:track:66cIVXwMJQKw4GnxIiCeP2","She Will","spotify:artist:55Aa2cqylxrFIXC767Z865, spotify:artist:3TVXtAsR1Inumwj472S9r4","Lil Wayne, Drake","spotify:album:7oc6i8xUILaWwQ5BJMZS3c","Tha Carter IV (Deluxe)","spotify:artist:55Aa2cqylxrFIXC767Z865","Lil Wayne","2011-01-01","https://i.scdn.co/image/ab67616d0000b273007a6a23bf7e0d42cdd3bc2d","1","6","305840","https://p.scdn.co/mp3-preview/8166e89d0ad518cbdea4d154542f01522929bb20?cid=9950ac751e34487dbbe027c4fd7f8e99","true","0","USCM51100309","spotify:user:pivimkh","2015-02-27T16:12:59Z"
"spotify:track:7eWDwCQDQkuwVhhD7pWERs","Sunflower (feat. Drake)","spotify:artist:5gznATMVO85ZcLTkE9ULU7, spotify:artist:3TVXtAsR1Inumwj472S9r4","Lenny Kravitz, Drake","spotify:album:4fsnmDOhZdvAx6Y346OWn7","Black and White America (Special Edition)","spotify:artist:5gznATMVO85ZcLTkE9ULU7","Lenny Kravitz","2011-08-30","https://i.scdn.co/image/ab67616d0000b2738f864182c72693497ed04b27","1","14","254293","https://p.scdn.co/mp3-preview/3a313385bc53d57a4fa890318542f191bd7e74d2?cid=9950ac751e34487dbbe027c4fd7f8e99","false","10","NLA321191315","spotify:user:pivimkh","2015-02-27T16:12:59Z"
"spotify:track:6FedhFiHb0KxTvOD1qEX8L","In the Morning","spotify:artist:6l3HvQ5sa6mXTsMTB19rO5, spotify:artist:3TVXtAsR1Inumwj472S9r4","J. Cole, Drake","spotify:album:4skqOUXyBUnzxVPNPxrGWV","Cole World: The Sideline Story","spotify:artist:6l3HvQ5sa6mXTsMTB19rO5","J. Cole","2011-09-23","https://i.scdn.co/image/ab67616d0000b273f8a619752d418f3d6d73b2b2","1","9","234386","https://p.scdn.co/mp3-preview/ed8dceb60b777179c1853c7052474f047efb0620?cid=9950ac751e34487dbbe027c4fd7f8e99","true","0","USQX91100167","spotify:user:pivimkh","2015-02-27T16:12:59Z"
"spotify:track:7p5Ss9YspbUahAUDl59Wta","Headlines","spotify:artist:3TVXtAsR1Inumwj472S9r4","Drake","spotify:album:1f4HV44fI9KcT5E6FtAgwk","Headlines","spotify:artist:3TVXtAsR1Inumwj472S9r4","Drake","2011-01-01","https://i.scdn.co/image/ab67616d0000b2736dae85516936af3aae41171c","1","1","236733","https://p.scdn.co/mp3-preview/570ddea0adb2c0bff50a1f0447a0e643c084fbe6?cid=9950ac751e34487dbbe027c4fd7f8e99","true","0","USCM51100290","spotify:user:pivimkh","2015-02-27T16:12:59Z"
"spotify:track:4tE0wFfKP06mkDjTNM5BlN","Good Girls Go Bad","spotify:artist:0NbfKEOTQCcwd6o7wSDOHI, spotify:artist:3TVXtAsR1Inumwj472S9r4","The Game, Drake","spotify:album:347inOOK4kb02uEpi2LjF0","The R.E.D. Album","spotify:artist:0NbfKEOTQCcwd6o7wSDOHI","The Game","2011-01-01","https://i.scdn.co/image/ab67616d0000b27320740128948f890ddb718da7","1","7","278066","https://p.scdn.co/mp3-preview/da9b5e61d608f9d2bcb95b4596fb39bc452d1f28?cid=9950ac751e34487dbbe027c4fd7f8e99","true","0","USUM71112099","spotify:user:pivimkh","2015-02-27T16:12:59Z"
"spotify:track:0HUpfgkE3FulPgF5gR0v8u","The Zone","spotify:artist:1Xyo4u8uXC1ZmMpatF05PJ, spotify:artist:3TVXtAsR1Inumwj472S9r4","The Weeknd, Drake","spotify:album:7g9RcHiOu1Di3B4Js96Fz5","Trilogy","spotify:artist:1Xyo4u8uXC1ZmMpatF05PJ","The Weeknd","2012-01-01","https://i.scdn.co/image/ab67616d0000b2733deaa60631aa74f02eb8e03e","2","4","418506","https://p.scdn.co/mp3-preview/e1992270ef2622751a9974a13694f04fdf62946b?cid=9950ac751e34487dbbe027c4fd7f8e99","true","0","USUM71212052","spotify:user:pivimkh","2015-02-27T16:12:59Z"
"spotify:track:0EoJvT28HPgpkGdIAdBQGH","I'm Still Fly feat. Drake - Dirty","spotify:artist:5OsGiqFzthFwOzufJYuGpN","Page","spotify:album:5ffBKw8px0pmYHg9G3DCE4","I'm Still Fly (feat. Drake)","spotify:artist:5OsGiqFzthFwOzufJYuGpN","Page","2011-07-12","https://i.scdn.co/image/ab67616d0000b273f75c198f755fee1339d8e613","1","2","221753","https://p.scdn.co/mp3-preview/24dedc84b0c2bc9d944b706bc5337be225d485bb?cid=9950ac751e34487dbbe027c4fd7f8e99","false","0","US2QS0906513","spotify:user:pivimkh","2015-02-27T16:12:59Z"
"spotify:track:2wzdpaYtmCKc8HtTHKWmbr","I'm On One","spotify:artist:0QHgL1lAIqAw0HtD7YldmP, spotify:artist:3TVXtAsR1Inumwj472S9r4, spotify:artist:1sBkRIssrMs1AbVkOJbc7a, spotify:artist:55Aa2cqylxrFIXC767Z865","DJ Khaled, Drake, Rick Ross, Lil Wayne","spotify:album:3tY7TvLayd2Ck2Y2DScGYO","I'm On One","spotify:artist:0QHgL1lAIqAw0HtD7YldmP","DJ Khaled","2011-01-01","https://i.scdn.co/image/ab67616d0000b273609218ed5c2711c10c182832","1","1","298866","https://p.scdn.co/mp3-preview/ddf0da107eaeeb19960ae9b3001cc9de92353846?cid=9950ac751e34487dbbe027c4fd7f8e99","true","0","USCM51100126","spotify:user:pivimkh","2015-02-27T16:12:59Z"
"spotify:track:3TrwqOnxlNEKAOAzf9GIKK","Its Been a Pleasure","spotify:artist:4yBK75WVCQXej1p04GWqxH, spotify:artist:3TVXtAsR1Inumwj472S9r4","Jeezy, Drake","spotify:album:4X7B8KpTz841zfdpXDGT3b","God of War, Vol. 3","spotify:artist:0LyfQWJT6nXafLPZqxe9Of","Artisti Vari","2011-04-18","https://i.scdn.co/image/ab67616d0000b273b2d275f8b4a9756a636131e9","1","3","247301","https://p.scdn.co/mp3-preview/a807def35330a510b71bae638f172ba5db38daa1?cid=9950ac751e34487dbbe027c4fd7f8e99","false","0","FR6V80784011","spotify:user:pivimkh","2015-02-27T16:12:59Z"
"spotify:track:0hRPRbA2B1CYmGNhWhFjwF","Fall For Your Type (feat. Drake)","spotify:artist:7LnaAXbDVIL75IVPnndf7w, spotify:artist:3TVXtAsR1Inumwj472S9r4","Jamie Foxx, Drake","spotify:album:3T1fgMprST5C4hhl19Xv40","Best Night Of My Life","spotify:artist:7LnaAXbDVIL75IVPnndf7w","Jamie Foxx","2010-12-17","https://i.scdn.co/image/ab67616d0000b2737454c8b62e42e482d06e022f","1","8","269533","https://p.scdn.co/mp3-preview/613b1d96ac54cb6410ea12546c017fac91404a70?cid=9950ac751e34487dbbe027c4fd7f8e99","true","50","USJAY1000195","spotify:user:pivimkh","2015-02-27T16:12:59Z"
"spotify:track:3OvMaOliEB2Q79RC6MDpYl","Loving You No More","spotify:artist:2QYEvpsWUOjqaYuxDPTCmV, spotify:artist:3TVXtAsR1Inumwj472S9r4","Diddy - Dirty Money, Drake","spotify:album:4fGULwsdNS4FqG2xZfMmCo","Last Train To Paris [Deluxe (Explicit Version)]","spotify:artist:2QYEvpsWUOjqaYuxDPTCmV","Diddy - Dirty Money","2010-01-01","https://i.scdn.co/image/ab67616d0000b273bed6da864ac28a4c7399de8d","1","13","244920","https://p.scdn.co/mp3-preview/f31b549277af54ffb551ea2d45ff6e7d265ddffc?cid=9950ac751e34487dbbe027c4fd7f8e99","false","19","USUM71007656","spotify:user:pivimkh","2015-02-27T16:12:59Z"
"spotify:track:4vDwyY5otq9YIsMZXzicMT","Come Take A Look","spotify:artist:7v1y8I3DbAILVr2VdswGUz, spotify:artist:3TVXtAsR1Inumwj472S9r4","DreamTeam`2A2B, Drake","spotify:album:7hUIyxT6ezsjtgg2dAEYYL","All-American Badd Boyz","spotify:artist:7v1y8I3DbAILVr2VdswGUz","DreamTeam`2A2B","2011-01-07","https://i.scdn.co/image/ab67616d0000b27353c99f4dbd308e5119637cbe","1","3","218409","","true","0","USA2P1111938","spotify:user:pivimkh","2015-02-27T16:12:59Z"
"spotify:track:1RKSWMAwBTuwhYkZlYskqw","Celebration (feat. Drake)","spotify:artist:4mwXUEKaW4ftbncf9Hi58l, spotify:artist:3TVXtAsR1Inumwj472S9r4","Tank, Drake","spotify:album:3jliDnhfFupNVHNdOI4sKh","Now or Never","spotify:artist:4mwXUEKaW4ftbncf9Hi58l","Tank","2010-12-13","https://i.scdn.co/image/ab67616d0000b2739eaa57f03eae852794dfaee8","1","3","252960","https://p.scdn.co/mp3-preview/eaf32260e26c4d0c6b484388d0e32eebb5a3515c?cid=9950ac751e34487dbbe027c4fd7f8e99","false","37","USAT21002567","spotify:user:pivimkh","2015-02-27T16:12:59Z"
"spotify:track:4dW8NOc0DGanKYnfNlIadn","Poppin Bottles (feat. Drake)","spotify:artist:4OBJLual30L7gRl5UkeRcT, spotify:artist:3TVXtAsR1Inumwj472S9r4","T.I., Drake","spotify:album:7feP6dhwPrWGPKSxyiaGxG","No Mercy","spotify:artist:4OBJLual30L7gRl5UkeRcT","T.I.","2010-12-06","https://i.scdn.co/image/ab67616d0000b273127fb92767311a796f65abed","1","12","320160","https://p.scdn.co/mp3-preview/098429a31f1357fa5094285f7e5935480abbbc67?cid=9950ac751e34487dbbe027c4fd7f8e99","true","0","USAT21002613","spotify:user:pivimkh","2015-02-27T16:12:59Z"
"spotify:track:1yo95w2YXMl1GeQGarlqCW","Deuces Remix","spotify:artist:7bXgB6jMjp9ATFy66eO08Z, spotify:artist:3TVXtAsR1Inumwj472S9r4, spotify:artist:5K4W6rqBFWDnAN6FQUkS6x, spotify:artist:74V3dE1a51skRkdII8y2C6","Chris Brown, Drake, Kanye West, André 3000","spotify:album:471Ps2NxvJp7BjUCXhSqx8","Deuces Remix (feat. Drake, Kanye West & André 3000)","spotify:artist:7bXgB6jMjp9ATFy66eO08Z","Chris Brown","2010-10-11","https://i.scdn.co/image/ab67616d0000b27383963c8c5a049cb0f55fe20b","1","1","339013","https://p.scdn.co/mp3-preview/3e666ee91516106bd1df66e120fcd03845010eb1?cid=9950ac751e34487dbbe027c4fd7f8e99","true","0","USJI11000222","spotify:user:pivimkh","2015-02-27T16:12:59Z"
"spotify:track:47g6VNlaId5nw9XwuoAv9c","Moment 4 Life","spotify:artist:0hCNtLu0JehylgoiP8L4Gh, spotify:artist:3TVXtAsR1Inumwj472S9r4","Nicki Minaj, Drake","spotify:album:0IlTjNPqHz97GMlvSIdSEd","Pink Friday (Deluxe Edition)","spotify:artist:0hCNtLu0JehylgoiP8L4Gh","Nicki Minaj","2010","https://i.scdn.co/image/ab67616d0000b273bcc761b1960539e62a3eb1ca","1","7","279306","https://p.scdn.co/mp3-preview/6f32e0c9f8c2f1175e98331565cdc28005859121?cid=9950ac751e34487dbbe027c4fd7f8e99","true","0","USCM51000722","spotify:user:pivimkh","2015-02-27T16:12:59Z"
"spotify:track:5FTCKvxzqy72ceS4Ujux4N","What's My Name?","spotify:artist:5pKCCKE2ajJHZ9KAiaK11H, spotify:artist:3TVXtAsR1Inumwj472S9r4","Rihanna, Drake","spotify:album:7vN82vd1Vq44fjlhjfvHJp","Loud","spotify:artist:5pKCCKE2ajJHZ9KAiaK11H","Rihanna","2010-11-16","https://i.scdn.co/image/ab67616d0000b2732ed326786e4c61c6b1dbf222","1","2","263173","https://p.scdn.co/mp3-preview/593d992b2bc06320ad7732d6ba5fcf21d540eba3?cid=9950ac751e34487dbbe027c4fd7f8e99","true","67","USUM71025031","spotify:user:pivimkh","2015-02-27T16:12:59Z"
"spotify:track:73uciYJKxzPsweVrTXrdJj","Put It Down (feat. Drake)","spotify:artist:45a6gCQWq61lIUDmr1tKuO, spotify:artist:3TVXtAsR1Inumwj472S9r4","Bun B, Drake","spotify:album:35qt6h9eCOExQAtTa7FxhD","Trill O.G.","spotify:artist:45a6gCQWq61lIUDmr1tKuO","Bun B","2010-08-03","https://i.scdn.co/image/ab67616d0000b2737f0bd78cc6faf4e51920b3fd","1","4","272437","https://p.scdn.co/mp3-preview/fa30576e8dc57c5ace2d1becb4f1225a107456a5?cid=9950ac751e34487dbbe027c4fd7f8e99","true","0","USZXT1023237","spotify:user:pivimkh","2015-02-27T16:12:59Z"
"spotify:track:4bcno5BsdNy5VvgnWf8E9r","It's Been A Pleasure (feat. Drake)","spotify:artist:45a6gCQWq61lIUDmr1tKuO, spotify:artist:3TVXtAsR1Inumwj472S9r4","Bun B, Drake","spotify:album:35qt6h9eCOExQAtTa7FxhD","Trill O.G.","spotify:artist:45a6gCQWq61lIUDmr1tKuO","Bun B","2010-08-03","https://i.scdn.co/image/ab67616d0000b2737f0bd78cc6faf4e51920b3fd","1","16","345929","https://p.scdn.co/mp3-preview/c79e1a6a72dd0859cae1bcae5aa69eb3da683798?cid=9950ac751e34487dbbe027c4fd7f8e99","true","0","USZXT1024248","spotify:user:pivimkh","2015-02-27T16:12:59Z"
"spotify:track:5fX5REubGobYCqH6obz3nn","With You","spotify:artist:55Aa2cqylxrFIXC767Z865, spotify:artist:3TVXtAsR1Inumwj472S9r4","Lil Wayne, Drake","spotify:album:5MLkrJJbuzSv2tYORuEXNt","I Am Not A Human Being (Explicit Version)","spotify:artist:55Aa2cqylxrFIXC767Z865","Lil Wayne","2010-01-01","https://i.scdn.co/image/ab67616d0000b2736f308b432642d42e71a1d35c","1","3","229373","https://p.scdn.co/mp3-preview/8e1be1f724f841e0a07af10d0f01936ea8a20d67?cid=9950ac751e34487dbbe027c4fd7f8e99","true","1","USCM51000571","spotify:user:pivimkh","2015-02-27T16:12:59Z"
"spotify:track:5r25QBiGwvvKCmMGO4LmHI","Gonorrhea","spotify:artist:55Aa2cqylxrFIXC767Z865, spotify:artist:3TVXtAsR1Inumwj472S9r4","Lil Wayne, Drake","spotify:album:79GI9WcgP4SxMJCrcsEx0q","I Am Not A Human Being","spotify:artist:55Aa2cqylxrFIXC767Z865","Lil Wayne","2010-01-01","https://i.scdn.co/image/ab67616d0000b273650f1f9452c0a6721b8242e0","1","1","262440","https://p.scdn.co/mp3-preview/9f2881d30e76dc0b08cb99010273e5eb1096fd71?cid=9950ac751e34487dbbe027c4fd7f8e99","true","20","USCM51000569","spotify:user:pivimkh","2015-02-27T16:12:59Z"
"spotify:track:2jebEgyA7iPbpUn8sQirMd","With You","spotify:artist:55Aa2cqylxrFIXC767Z865, spotify:artist:3TVXtAsR1Inumwj472S9r4","Lil Wayne, Drake","spotify:album:79GI9WcgP4SxMJCrcsEx0q","I Am Not A Human Being","spotify:artist:55Aa2cqylxrFIXC767Z865","Lil Wayne","2010-01-01","https://i.scdn.co/image/ab67616d0000b273650f1f9452c0a6721b8242e0","1","3","229373","https://p.scdn.co/mp3-preview/8e1be1f724f841e0a07af10d0f01936ea8a20d67?cid=9950ac751e34487dbbe027c4fd7f8e99","true","14","USCM51000571","spotify:user:pivimkh","2015-02-27T16:12:59Z"
"spotify:track:3wObH0rpY0o7CYu18pybDL","I'm Single","spotify:artist:55Aa2cqylxrFIXC767Z865, spotify:artist:3TVXtAsR1Inumwj472S9r4","Lil Wayne, Drake","spotify:album:79GI9WcgP4SxMJCrcsEx0q","I Am Not A Human Being","spotify:artist:55Aa2cqylxrFIXC767Z865","Lil Wayne","2010-01-01","https://i.scdn.co/image/ab67616d0000b273650f1f9452c0a6721b8242e0","1","5","333040","https://p.scdn.co/mp3-preview/69f94da729a08ed8d3ad0cb45585dccbfa41a79b?cid=9950ac751e34487dbbe027c4fd7f8e99","true","17","USCM51000573","spotify:user:pivimkh","2015-02-27T16:12:59Z"
"spotify:track:6c2Wepr15iM8q7L05P8Fgh","Right Above It","spotify:artist:55Aa2cqylxrFIXC767Z865, spotify:artist:3TVXtAsR1Inumwj472S9r4","Lil Wayne, Drake","spotify:album:79GI9WcgP4SxMJCrcsEx0q","I Am Not A Human Being","spotify:artist:55Aa2cqylxrFIXC767Z865","Lil Wayne","2010-01-01","https://i.scdn.co/image/ab67616d0000b273650f1f9452c0a6721b8242e0","1","7","271946","https://p.scdn.co/mp3-preview/fc62227b4154457f875d6810fc3e4a71bb2b9bc3?cid=9950ac751e34487dbbe027c4fd7f8e99","true","40","USCM51000537","spotify:user:pivimkh","2015-02-27T16:12:59Z"
"spotify:track:6NCnXmThckmJY6uz5Rcc1S","Stunt Hard (feat. Drake)","spotify:artist:0AdoVfzOkaa0iOdnCDAnQH, spotify:artist:4A9luWHjT9sLC0ZFZ3TmpS","L.O.C, Drake","spotify:album:2R55K6nElFVuR6Zw5Pdqyy","The Streets Are Listening","spotify:artist:0AdoVfzOkaa0iOdnCDAnQH","L.O.C","2010-09-14","https://i.scdn.co/image/ab67616d0000b2733d86c0305ed3f680d0b2f08f","1","15","252160","https://p.scdn.co/mp3-preview/cb5658f56c1e3c4e61e7fbbc2d077c494d06e27c?cid=9950ac751e34487dbbe027c4fd7f8e99","false","15","USBAE1001652","spotify:user:pivimkh","2015-02-27T16:12:59Z"
"spotify:track:51q0vXgCI2CW9x4K8SdfXS","Unusual (feat. Drake)","spotify:artist:2iojnBLj0qIMiKPvVhLnsH, spotify:artist:3TVXtAsR1Inumwj472S9r4","Trey Songz, Drake","spotify:album:5Qex4ioxOJfHrnsWbt8Zlj","Passion, Pain & Pleasure","spotify:artist:2iojnBLj0qIMiKPvVhLnsH","Trey Songz","2010-09-13","https://i.scdn.co/image/ab67616d0000b2737ca9deb509f0569d7587f5d8","1","12","212346","https://p.scdn.co/mp3-preview/ed031cfb50f7cda30ec3bdb2238921d3a79fed3a?cid=9950ac751e34487dbbe027c4fd7f8e99","false","0","USAT21001523","spotify:user:pivimkh","2015-02-27T16:12:59Z"
"spotify:track:4kqluSwcQs3kqfK82ZrB93","Aston Martin Music","spotify:artist:1sBkRIssrMs1AbVkOJbc7a, spotify:artist:3TVXtAsR1Inumwj472S9r4, spotify:artist:3YJMzGjAm245zwJooY7PEj","Rick Ross, Drake, Chrisette Michele","spotify:album:3Z3CPgqsxXLWZIfqOhVFjN","Teflon Don","spotify:artist:1sBkRIssrMs1AbVkOJbc7a","Rick Ross","2010-01-01","https://i.scdn.co/image/ab67616d0000b2735c9d48147d98b65052fa2474","1","10","270626","https://p.scdn.co/mp3-preview/76916e04a193832d592d0d9b1899dac07e9e1438?cid=9950ac751e34487dbbe027c4fd7f8e99","true","0","USUM71017798","spotify:user:pivimkh","2015-02-27T16:12:59Z"
"spotify:track:5Us8wh9hCAQ8Uq1ast5CWz","Thank Me Now","spotify:artist:3TVXtAsR1Inumwj472S9r4","Drake","spotify:album:6agmeioaDOBupymziJihgB","Thank Me Later (Int'l Version)","spotify:artist:3TVXtAsR1Inumwj472S9r4","Drake","2010-01-01","https://i.scdn.co/image/ab67616d0000b27372babba16ea5e3afe690b4f1","1","14","328573","https://p.scdn.co/mp3-preview/8daaf93bbd5e359e18145744744ae47f8b129ea9?cid=9950ac751e34487dbbe027c4fd7f8e99","true","37","USCM51000260","spotify:user:pivimkh","2015-02-27T16:12:59Z"
"spotify:track:147TR5QZzxTnnwqltaRi4N","Cece's Interlude","spotify:artist:3TVXtAsR1Inumwj472S9r4","Drake","spotify:album:6agmeioaDOBupymziJihgB","Thank Me Later (Int'l Version)","spotify:artist:3TVXtAsR1Inumwj472S9r4","Drake","2010-01-01","https://i.scdn.co/image/ab67616d0000b27372babba16ea5e3afe690b4f1","1","12","154120","https://p.scdn.co/mp3-preview/2cb8fa0fcc350042bc6d11071818f0471bae62ff?cid=9950ac751e34487dbbe027c4fd7f8e99","false","36","USCM51000259","spotify:user:pivimkh","2015-02-27T16:12:59Z"
"spotify:track:53VIWPPMz9S7ob0D8JxF9N","Miss Me","spotify:artist:3TVXtAsR1Inumwj472S9r4, spotify:artist:55Aa2cqylxrFIXC767Z865","Drake, Lil Wayne","spotify:album:6agmeioaDOBupymziJihgB","Thank Me Later (Int'l Version)","spotify:artist:3TVXtAsR1Inumwj472S9r4","Drake","2010-01-01","https://i.scdn.co/image/ab67616d0000b27372babba16ea5e3afe690b4f1","1","11","305520","https://p.scdn.co/mp3-preview/eafc577c2ef2c8bc1135fa54ac4170b07540fca7?cid=9950ac751e34487dbbe027c4fd7f8e99","true","48","USCM51000210","spotify:user:pivimkh","2015-02-27T16:12:59Z"
"spotify:track:23Cx5Jv0bsCMoUnoygy5jy","Light Up","spotify:artist:3TVXtAsR1Inumwj472S9r4, spotify:artist:3nFkdlSjzX9mRTtwJOzDYB","Drake, JAY-Z","spotify:album:6agmeioaDOBupymziJihgB","Thank Me Later (Int'l Version)","spotify:artist:3TVXtAsR1Inumwj472S9r4","Drake","2010-01-01","https://i.scdn.co/image/ab67616d0000b27372babba16ea5e3afe690b4f1","1","10","274146","https://p.scdn.co/mp3-preview/fa5ed38552e469f04329050adaaff38b50f89566?cid=9950ac751e34487dbbe027c4fd7f8e99","true","41","USCM51000250","spotify:user:pivimkh","2015-02-27T16:12:59Z"
"spotify:track:0XhOgqDKTQJhGfD1WBuTdC","Unforgettable","spotify:artist:3TVXtAsR1Inumwj472S9r4, spotify:artist:4yBK75WVCQXej1p04GWqxH","Drake, Jeezy","spotify:album:6agmeioaDOBupymziJihgB","Thank Me Later (Int'l Version)","spotify:artist:3TVXtAsR1Inumwj472S9r4","Drake","2010-01-01","https://i.scdn.co/image/ab67616d0000b27372babba16ea5e3afe690b4f1","1","9","213813","https://p.scdn.co/mp3-preview/78f12725c84d2be870ecbd6f63847f7347ae7bd9?cid=9950ac751e34487dbbe027c4fd7f8e99","true","49","USCM51000258","spotify:user:pivimkh","2015-02-27T16:12:59Z"
"spotify:track:238Sekyg7DyN2XDm0z4oWY","Fancy","spotify:artist:3TVXtAsR1Inumwj472S9r4, spotify:artist:4OBJLual30L7gRl5UkeRcT, spotify:artist:2cADQgiLMjNhbsfeN52Bf3","Drake, T.I., Swizz Beatz","spotify:album:6agmeioaDOBupymziJihgB","Thank Me Later (Int'l Version)","spotify:artist:3TVXtAsR1Inumwj472S9r4","Drake","2010-01-01","https://i.scdn.co/image/ab67616d0000b27372babba16ea5e3afe690b4f1","1","7","319386","https://p.scdn.co/mp3-preview/f53786e61080e991923bd355f99b28c145eff05f?cid=9950ac751e34487dbbe027c4fd7f8e99","true","63","USCM51000256","spotify:user:pivimkh","2015-02-27T16:12:59Z"
"spotify:track:4BDgGQXx7jO2JgC7bpFsIv","Shut It Down","spotify:artist:3TVXtAsR1Inumwj472S9r4, spotify:artist:1W3FSF1BLpY3hlVIgvenLz","Drake, The-Dream","spotify:album:6agmeioaDOBupymziJihgB","Thank Me Later (Int'l Version)","spotify:artist:3TVXtAsR1Inumwj472S9r4","Drake","2010-01-01","https://i.scdn.co/image/ab67616d0000b27372babba16ea5e3afe690b4f1","1","8","419306","https://p.scdn.co/mp3-preview/6821858b569e19725eab6a5c1fe6a0735687b150?cid=9950ac751e34487dbbe027c4fd7f8e99","true","49","USCM51000257","spotify:user:pivimkh","2015-02-27T16:12:59Z"
"spotify:track:55YHftnlehUQQJoTSLKCxj","Up All Night","spotify:artist:3TVXtAsR1Inumwj472S9r4, spotify:artist:0hCNtLu0JehylgoiP8L4Gh","Drake, Nicki Minaj","spotify:album:6agmeioaDOBupymziJihgB","Thank Me Later (Int'l Version)","spotify:artist:3TVXtAsR1Inumwj472S9r4","Drake","2010-01-01","https://i.scdn.co/image/ab67616d0000b27372babba16ea5e3afe690b4f1","1","6","234333","https://p.scdn.co/mp3-preview/af0c8a971470bc077db68cb5fd34e234613a3d38?cid=9950ac751e34487dbbe027c4fd7f8e99","true","55","USCM51000255","spotify:user:pivimkh","2015-02-27T16:12:59Z"
"spotify:track:1G0JddH0MHVg4VE03vheBm","Show Me A Good Time","spotify:artist:3TVXtAsR1Inumwj472S9r4","Drake","spotify:album:6agmeioaDOBupymziJihgB","Thank Me Later (Int'l Version)","spotify:artist:3TVXtAsR1Inumwj472S9r4","Drake","2010-01-01","https://i.scdn.co/image/ab67616d0000b27372babba16ea5e3afe690b4f1","1","5","210360","https://p.scdn.co/mp3-preview/1d142088a2c6148b185bcf5cc0c82208fa2618b4?cid=9950ac751e34487dbbe027c4fd7f8e99","true","42","USCM51000254","spotify:user:pivimkh","2015-02-27T16:12:59Z"
"spotify:track:31FWGQxshq14SCZvvyHae1","The Resistance","spotify:artist:3TVXtAsR1Inumwj472S9r4","Drake","spotify:album:6agmeioaDOBupymziJihgB","Thank Me Later (Int'l Version)","spotify:artist:3TVXtAsR1Inumwj472S9r4","Drake","2010-01-01","https://i.scdn.co/image/ab67616d0000b27372babba16ea5e3afe690b4f1","1","3","225360","https://p.scdn.co/mp3-preview/b6aa380f71fc2bdc75524c54536f9f32098b7ea8?cid=9950ac751e34487dbbe027c4fd7f8e99","true","50","USCM51000253","spotify:user:pivimkh","2015-02-27T16:12:59Z"
"spotify:track:3bnVNMCk5FJulcpS7aXJbY","Karaoke","spotify:artist:3TVXtAsR1Inumwj472S9r4","Drake","spotify:album:6agmeioaDOBupymziJihgB","Thank Me Later (Int'l Version)","spotify:artist:3TVXtAsR1Inumwj472S9r4","Drake","2010-01-01","https://i.scdn.co/image/ab67616d0000b27372babba16ea5e3afe690b4f1","1","2","227973","https://p.scdn.co/mp3-preview/83e8531e8093cc3860d63ced8ab6a6a4b8a40cfe?cid=9950ac751e34487dbbe027c4fd7f8e99","false","42","USCM51000252","spotify:user:pivimkh","2015-02-27T16:12:59Z"
"spotify:track:4pUUhsc8fmZqnsPaOSU5CP","Fireworks","spotify:artist:3TVXtAsR1Inumwj472S9r4, spotify:artist:3DiDSECUqqY1AuBP8qtaIa","Drake, Alicia Keys","spotify:album:6agmeioaDOBupymziJihgB","Thank Me Later (Int'l Version)","spotify:artist:3TVXtAsR1Inumwj472S9r4","Drake","2010-01-01","https://i.scdn.co/image/ab67616d0000b27372babba16ea5e3afe690b4f1","1","1","313266","https://p.scdn.co/mp3-preview/a81ff1d5a9514989089690dd07c5a9b7c6f37a72?cid=9950ac751e34487dbbe027c4fd7f8e99","true","46","USCM51000251","spotify:user:pivimkh","2015-02-27T16:12:59Z"
"spotify:track:18PSaTJMLkFNWnW0NWdOAW","Find Your Love","spotify:artist:3TVXtAsR1Inumwj472S9r4","Drake","spotify:album:6agmeioaDOBupymziJihgB","Thank Me Later (Int'l Version)","spotify:artist:3TVXtAsR1Inumwj472S9r4","Drake","2010-01-01","https://i.scdn.co/image/ab67616d0000b27372babba16ea5e3afe690b4f1","1","13","208946","https://p.scdn.co/mp3-preview/760ac2681dee6b11308a9861373918581cefae09?cid=9950ac751e34487dbbe027c4fd7f8e99","false","55","USCM51000166","spotify:user:pivimkh","2015-02-27T16:12:59Z"
"spotify:track:1EoHEkVcysf4WVDx6r9WzQ","Over","spotify:artist:3TVXtAsR1Inumwj472S9r4","Drake","spotify:album:6agmeioaDOBupymziJihgB","Thank Me Later (Int'l Version)","spotify:artist:3TVXtAsR1Inumwj472S9r4","Drake","2010-01-01","https://i.scdn.co/image/ab67616d0000b27372babba16ea5e3afe690b4f1","1","4","233560","https://p.scdn.co/mp3-preview/e792215e2837ff186bb6c61e791c4a46251a6b52?cid=9950ac751e34487dbbe027c4fd7f8e99","true","57","USCM51000100","spotify:user:pivimkh","2015-02-27T16:12:59Z"
"spotify:track:3sUiyBl3sXiL9GSgUF9p85","The One","spotify:artist:1XkoF8ryArs86LZvFOkbyr, spotify:artist:3TVXtAsR1Inumwj472S9r4","Mary J. Blige, Drake","spotify:album:12CHmZQWSarBsEUtasPtbA","Stronger with Each Tear (International Version)","spotify:artist:1XkoF8ryArs86LZvFOkbyr","Mary J. Blige","2010-01-01","https://i.scdn.co/image/ab67616d0000b27377152425ceb6be5604251aa5","1","3","193880","https://p.scdn.co/mp3-preview/ee5dbec4e1a5423d2f84f2e4dd8410527b5c8664?cid=9950ac751e34487dbbe027c4fd7f8e99","false","10","USUM70919053","spotify:user:pivimkh","2015-02-27T16:12:59Z"
"spotify:track:2w8mCUW5NQEwQ3kLtjgDKW","Fed Up - Feat. Usher, Drake, Rick Ross & Young Jeezy","spotify:artist:0QHgL1lAIqAw0HtD7YldmP","DJ Khaled","spotify:album:1f3JlD1g0npobtYzBiHTTG","Fed Up","spotify:artist:0QHgL1lAIqAw0HtD7YldmP","DJ Khaled","2009-10-29","https://i.scdn.co/image/ab67616d0000b2732996d39cd388e95cc72c2234","1","1","209920","https://p.scdn.co/mp3-preview/cea5bd24eb099d74a41d9919ea1da8f8d241b6d2?cid=9950ac751e34487dbbe027c4fd7f8e99","true","0","USKO10902274","spotify:user:pivimkh","2015-02-27T16:12:59Z"
"spotify:track:5v0pSu4RP2vxyLxN54kt0E","Still Fly (feat. Drake)","spotify:artist:0BrPKSAeplwezYR1T2DF9s, spotify:artist:3TVXtAsR1Inumwj472S9r4","Yung Berg, Drake","spotify:album:1TOkOYUcrEjmA1417VSI5o","Twitter Music Volume 3","spotify:artist:0BrPKSAeplwezYR1T2DF9s","Yung Berg","2010-02-23","https://i.scdn.co/image/ab67616d0000b273edcf117d85171a251b74b3e5","1","4","200013","","true","0","USYBL1000180","spotify:user:pivimkh","2015-02-27T16:12:59Z"
"spotify:track:31Q9ZTF9x81BDonlObCbvP","Forever","spotify:artist:3TVXtAsR1Inumwj472S9r4, spotify:artist:5K4W6rqBFWDnAN6FQUkS6x, spotify:artist:55Aa2cqylxrFIXC767Z865, spotify:artist:7dGJo4pcD2V6oG8kP0tJRR","Drake, Kanye West, Lil Wayne, Eminem","spotify:album:6fwBNnSZc84IyW1mE8ZLsA","Relapse: Refill","spotify:artist:7dGJo4pcD2V6oG8kP0tJRR","Eminem","2009-05-15","https://i.scdn.co/image/ab67616d0000b27359ef4d4a9d77b417d8cfa3bb","2","1","357706","https://p.scdn.co/mp3-preview/3f6dd233fd87d673838e16846846f9fed5f66c23?cid=9950ac751e34487dbbe027c4fd7f8e99","true","0","USUM70920707","spotify:user:pivimkh","2015-02-27T16:12:59Z"
"spotify:track:70DxNukoeuWgo2yssD0e0N","Houstatlantavegas","spotify:artist:3TVXtAsR1Inumwj472S9r4","Drake","spotify:album:1b2TbvbKSF1OI1YMR3UWHO","So Far Gone","spotify:artist:3TVXtAsR1Inumwj472S9r4","Drake","2008-09-15","https://i.scdn.co/image/ab67616d0000b27310f0d61c1cbee9a4a334ef01","1","1","290426","https://p.scdn.co/mp3-preview/becd9fba831658fba3c1cdc18679d1675f62461b?cid=9950ac751e34487dbbe027c4fd7f8e99","true","0","USCM50900314","spotify:user:pivimkh","2015-02-27T16:12:59Z"
"spotify:track:1WvBza6fVzy7OK2JbWKRyn","Successful","spotify:artist:3TVXtAsR1Inumwj472S9r4, spotify:artist:55Aa2cqylxrFIXC767Z865","Drake, Lil Wayne","spotify:album:1b2TbvbKSF1OI1YMR3UWHO","So Far Gone","spotify:artist:3TVXtAsR1Inumwj472S9r4","Drake","2008-09-15","https://i.scdn.co/image/ab67616d0000b27310f0d61c1cbee9a4a334ef01","1","2","351720","","true","0","USCM50900316","spotify:user:pivimkh","2015-02-27T16:12:59Z"
"spotify:track:20HrYeWxZwGMuTycTXX0QK","Uptown","spotify:artist:3TVXtAsR1Inumwj472S9r4, spotify:artist:45a6gCQWq61lIUDmr1tKuO, spotify:artist:55Aa2cqylxrFIXC767Z865","Drake, Bun B, Lil Wayne","spotify:album:1b2TbvbKSF1OI1YMR3UWHO","So Far Gone","spotify:artist:3TVXtAsR1Inumwj472S9r4","Drake","2008-09-15","https://i.scdn.co/image/ab67616d0000b27310f0d61c1cbee9a4a334ef01","1","4","381240","https://p.scdn.co/mp3-preview/df8572be676f6551ef1f6575bf507d04bc100646?cid=9950ac751e34487dbbe027c4fd7f8e99","true","0","USCM50900318","spotify:user:pivimkh","2015-02-27T16:12:59Z"
"spotify:track:04T3yZYt92tBvgqxTdeJxd","I'm Goin In","spotify:artist:3TVXtAsR1Inumwj472S9r4, spotify:artist:55Aa2cqylxrFIXC767Z865, spotify:artist:4yBK75WVCQXej1p04GWqxH","Drake, Lil Wayne, Jeezy","spotify:album:1b2TbvbKSF1OI1YMR3UWHO","So Far Gone","spotify:artist:3TVXtAsR1Inumwj472S9r4","Drake","2008-09-15","https://i.scdn.co/image/ab67616d0000b27310f0d61c1cbee9a4a334ef01","1","5","225266","https://p.scdn.co/mp3-preview/3cafe5ef10d89dd913f11ff20b91d0b730eefda2?cid=9950ac751e34487dbbe027c4fd7f8e99","true","0","USCM50900320","spotify:user:pivimkh","2015-02-27T16:12:59Z"
"spotify:track:1tcLxH1WhA2oORQKDUFsS4","The Calm","spotify:artist:3TVXtAsR1Inumwj472S9r4","Drake","spotify:album:1b2TbvbKSF1OI1YMR3UWHO","So Far Gone","spotify:artist:3TVXtAsR1Inumwj472S9r4","Drake","2008-09-15","https://i.scdn.co/image/ab67616d0000b27310f0d61c1cbee9a4a334ef01","1","6","246173","https://p.scdn.co/mp3-preview/a3663dcb6f59b9c4be4592aea1d7b85b83e3a141?cid=9950ac751e34487dbbe027c4fd7f8e99","true","0","USCM50900322","spotify:user:pivimkh","2015-02-27T16:12:59Z"
"spotify:track:6WoU9Joc473Jrc7NNrpGIZ","Fear","spotify:artist:3TVXtAsR1Inumwj472S9r4","Drake","spotify:album:1b2TbvbKSF1OI1YMR3UWHO","So Far Gone","spotify:artist:3TVXtAsR1Inumwj472S9r4","Drake","2008-09-15","https://i.scdn.co/image/ab67616d0000b27310f0d61c1cbee9a4a334ef01","1","7","280626","https://p.scdn.co/mp3-preview/68ad35b42034f936cc744205b7b47a772b4eab34?cid=9950ac751e34487dbbe027c4fd7f8e99","true","0","USCM50900324","spotify:user:pivimkh","2015-02-27T16:12:59Z"
"spotify:track:6LqfiPW6VYyO4RDOcHGv7x","Digital Girl Remix (feat. Drake, Kanye West & The-Dream) - Original Remix","spotify:artist:7LnaAXbDVIL75IVPnndf7w, spotify:artist:3TVXtAsR1Inumwj472S9r4, spotify:artist:5K4W6rqBFWDnAN6FQUkS6x, spotify:artist:1W3FSF1BLpY3hlVIgvenLz, spotify:artist:4GZnWODgp04RCsH7kv6NLA, spotify:artist:728pGpbVotlF0WU122hY7K","Jamie Foxx, Drake, Kanye West, The-Dream, Sean K., C. ""Tricky"" Stewart","spotify:album:40hm1tmS1GuuQQuo0FI8xK","Digital Girl Remix","spotify:artist:7LnaAXbDVIL75IVPnndf7w","Jamie Foxx","2009-09-17","https://i.scdn.co/image/ab67616d0000b2733265e480b28980f1fb94fb95","1","1","278786","https://p.scdn.co/mp3-preview/f76a98c638b2df464e8b85baf132bd0af9b7e126?cid=9950ac751e34487dbbe027c4fd7f8e99","false","6","USJAY0900106","spotify:user:pivimkh","2015-02-27T16:12:59Z"
"spotify:track:6cmV9y1PdQHjHiVtziGaon","Best I Ever Had","spotify:artist:3TVXtAsR1Inumwj472S9r4","Drake","spotify:album:1b2TbvbKSF1OI1YMR3UWHO","So Far Gone","spotify:artist:3TVXtAsR1Inumwj472S9r4","Drake","2008-09-15","https://i.scdn.co/image/ab67616d0000b27310f0d61c1cbee9a4a334ef01","1","3","257760","https://p.scdn.co/mp3-preview/6de38d9beebc2f5e219b6191ea5f26fca5cd138a?cid=9950ac751e34487dbbe027c4fd7f8e99","true","0","USCM50900244","spotify:user:pivimkh","2015-02-27T16:12:59Z"
"spotify:track:1BPzk9vYYkgwTgW1u0sfrT","Gonorrhea","spotify:artist:55Aa2cqylxrFIXC767Z865, spotify:artist:3TVXtAsR1Inumwj472S9r4","Lil Wayne, Drake","spotify:album:5MLkrJJbuzSv2tYORuEXNt","I Am Not A Human Being (Explicit Version)","spotify:artist:55Aa2cqylxrFIXC767Z865","Lil Wayne","2010-01-01","https://i.scdn.co/image/ab67616d0000b2736f308b432642d42e71a1d35c","1","1","262440","https://p.scdn.co/mp3-preview/9f2881d30e76dc0b08cb99010273e5eb1096fd71?cid=9950ac751e34487dbbe027c4fd7f8e99","true","0","USCM51000569","spotify:user:pivimkh","2015-02-27T16:12:59Z"
"spotify:track:32cgqgnJhHvePWQGEyEpc7","I'm Single","spotify:artist:55Aa2cqylxrFIXC767Z865, spotify:artist:3TVXtAsR1Inumwj472S9r4","Lil Wayne, Drake","spotify:album:5MLkrJJbuzSv2tYORuEXNt","I Am Not A Human Being (Explicit Version)","spotify:artist:55Aa2cqylxrFIXC767Z865","Lil Wayne","2010-01-01","https://i.scdn.co/image/ab67616d0000b2736f308b432642d42e71a1d35c","1","5","333040","https://p.scdn.co/mp3-preview/69f94da729a08ed8d3ad0cb45585dccbfa41a79b?cid=9950ac751e34487dbbe027c4fd7f8e99","true","1","USCM51000573","spotify:user:pivimkh","2015-02-27T16:12:59Z"
"spotify:track:3q2NeHhnBXrsphLcY4Exxj","I Invented Sex (feat. Drake)","spotify:artist:2iojnBLj0qIMiKPvVhLnsH, spotify:artist:3TVXtAsR1Inumwj472S9r4","Trey Songz, Drake","spotify:album:1mSsccWmWvV5PWRGNdqjmZ","Ready","spotify:artist:2iojnBLj0qIMiKPvVhLnsH","Trey Songz","2009-08-31","https://i.scdn.co/image/ab67616d0000b2738598603d092c04d26b7066f6","1","3","247933","https://p.scdn.co/mp3-preview/fef5576f494311ed93dcd42f20567aa130b61fe5?cid=9950ac751e34487dbbe027c4fd7f8e99","false","44","USAT20902612","spotify:user:pivimkh","2015-02-27T16:12:59Z"
"spotify:track:7gHiHpAdJ0umvsiypbLFc6","Its You","spotify:artist:25p9QkLW55AiHny5Bn6Un8, spotify:artist:3TVXtAsR1Inumwj472S9r4","Tone Montana, Drake","spotify:album:6rk2a280PeuLEumZQS7Vev","Tha General","spotify:artist:25p9QkLW55AiHny5Bn6Un8","Tone Montana","2009-12-20","https://i.scdn.co/image/ab67616d0000b2739a750d225aa318c92b7981d6","1","8","226951","","false","0","USQY51000669","spotify:user:pivimkh","2015-02-27T16:12:59Z"
"spotify:track:4rdPNHlIYUbSfa4iuQ7ccz","Mr. Wrong","spotify:artist:1XkoF8ryArs86LZvFOkbyr, spotify:artist:3TVXtAsR1Inumwj472S9r4","Mary J. Blige, Drake","spotify:album:7wCJISfbEMViKgxvn984Jw","My Life II...The Journey Continues (Act 1)","spotify:artist:1XkoF8ryArs86LZvFOkbyr","Mary J. Blige","2011-01-01","https://i.scdn.co/image/ab67616d0000b273adbb6a6bbd317655bccff7f0","1","9","241866","https://p.scdn.co/mp3-preview/aff6a7446ace1502d312c38b7045a8d1da013ec6?cid=9950ac751e34487dbbe027c4fd7f8e99","false","56","USUM71116429","spotify:user:pivimkh","2015-02-27T16:12:59Z"
"spotify:track:6dRnCe4S9UhKHqLnAgniGE","So Good","spotify:artist:0omFWrLn7oQeN8BuSOcP1P, spotify:artist:55Aa2cqylxrFIXC767Z865, spotify:artist:3TVXtAsR1Inumwj472S9r4","Shanell, Lil Wayne, Drake","spotify:album:43YgS0lsBYVQwUlLaAzekJ","So Good","spotify:artist:0omFWrLn7oQeN8BuSOcP1P","Shanell","2011-01-01","https://i.scdn.co/image/ab67616d0000b273a8526eadcb2efc7c4eeb7070","1","1","257693","https://p.scdn.co/mp3-preview/e2c6159c485329d97ada5d818529879aa34624e2?cid=9950ac751e34487dbbe027c4fd7f8e99","true","0","USCM51100504","spotify:user:pivimkh","2015-02-27T16:12:59Z"
"spotify:track:0qehPQ9QXgOy3pcQFE322F","Come Real (feat. Drake)","spotify:artist:3TVXtAsR1Inumwj472S9r4","Drake","spotify:album:4LnScROryou51oJ1wcqSzP","Space Odyssey","spotify:artist:35mNYUYVbPGwDcXTMV590e","JayE","2011-04-28","https://i.scdn.co/image/ab67616d0000b273419af428def6a136050b67cf","1","17","219534","","false","0","TCAAX1184118","spotify:user:pivimkh","2015-02-27T16:12:59Z"
